PARCEL_APN,TAXAPN,SITE_ADDR,SITE_CITY,SITE_STATE,SITE_ZIP,LATITUDE,LONGITUDE,ASSESSEE_OWNER_NAME_1,ASSESSEE_OWNER_NAME_2,ASSESSEE_MAIL_CITY,ASSESSEE_MAIL_STATE,ASSESSEE_MAIL_ZIP,VAL_ASSD_LAND,VAL_ASSD_IMPRV,VAL_ASSD,ASMT_YEAR,ASMT_RCDRS_DATE_TRANSFER,ASMT_VAL_TRANSFER,USE_CODE_MUNI_DESC,USE_CODE_MUNI,USE_CODE_STD_LPS,USE_CODE_STD_DESC_LPS,ZONING,LOT_SIZE_AREA,LOT_SIZE_AREA_UNIT,LIVING_SQFT,YR_BLT,BUILDING_SQFT,STORIES_NUMBER,UNITS_NUMBER,BEDROOMS,TOTAL_BATHS_CALCULATED,VAL_MRKT_LAND,VAL_MRKT_IMPRV,VAL_MARKET,LAST_SALE_DATE_TRANSFER,VAL_TRANSFER,JURISDICTION,H3_INT_9,vacancy_tier
26800100070000,268-0010-007-0000,2328 EDISON AVE,SACRAMENTO,CA,95821.0,38.623939,-121.40819,FULTON EL CAMINO RECREATION & PARK DISTRICT,,SACRAMENTO,CA,95825.0,,,,2024.0,,0.0,RES/FOUR FAMILY/1 SFU+1 TRIPLEX,A4B00A,1103.0,"QUADRUPLEX (4 UNITS, ANY COMBINATION)",RD-20,28920.0,SF,2621.0,1950.0,2621.0,2.0,,5.0,,,,,20190214.0,550000.0,UNINCORPORATED COUNTY,617700322531606527,Tier 2: Zero Improvement
26800100080000,268-0010-008-0000,2332 EDISON AVE,SACRAMENTO,CA,95821.0,38.623975,-121.407878,FULTON EL CAMINO RECREATION & PARK DISTRICT,,SACRAMENTO,CA,95825.0,,,,2024.0,20120316.0,0.0,RES/TWO FAMILY/2 SFU,A2A00A,1024.0,,RD-20,29084.0,SF,1910.0,1947.0,1910.0,1.0,,3.0,,,,,20120316.0,115000.0,UNINCORPORATED COUNTY,617700322531606527,Tier 2: Zero Improvement
26800100090000,268-0010-009-0000,2336 EDISON AVE,SACRAMENTO,CA,95821.0,38.624062,-121.407598,FULTON ELCAMINO REC & PARK DIST,,SACRAMENTO,CA,95821.0,,,,2024.0,20091230.0,0.0,RES/SINGLE FAMILY,A1000P,1001.0,SINGLE FAMILY RESIDENTIAL,RD-20,28375.0,SF,776.0,1930.0,776.0,1.0,,2.0,,,,,20091230.0,45000.0,UNINCORPORATED COUNTY,617700322531606527,Tier 2: Zero Improvement
25603900620000,256-0390-062-0000,SALEM WAY,CARMICHAEL,CA,95608.0,38.634565,-121.355194,MISSION OAKS RECREATION & PARK DISTRICT,,CARMICHAEL,CA,95608.0,,,,2024.0,20051123.0,0.0,"MISC, UNUSABLE-SMALL",MSMALA,8009.0,"WASTE LAND, MARSH, SWAMP, SUBMERGED-VACANT LAND",BP (NPA),2730.0,SF,,,,,,,,,,,20051123.0,,UNINCORPORATED COUNTY,617700321767194623,Tier 2: Zero Improvement
11511300660000,115-1130-066-0000,POWER INN RD,SACRAMENTO,CA,95828.0,38.469911,-121.408577,SOUTHGATE RECREATION & PARK DISTRICT,,SACRAMENTO,CA,95823.0,,,,2024.0,19920824.0,0.0,"MISC, UNUSABLE-SMALL",MSMALA,8009.0,"WASTE LAND, MARSH, SWAMP, SUBMERGED-VACANT LAND",RD-5,9271.0,SF,,,,,,,,,,,,,UNINCORPORATED COUNTY,617700308483571711,Tier 2: Zero Improvement
11511800930000,115-1180-093-0000,7901 IONA WAY,SACRAMENTO,CA,95828.0,38.470071,-121.40452,SOUTHGATE RECREATION & PARK DISTRICT,,SACRAMENTO,CA,95823.0,,,,2024.0,19891206.0,0.0,VACANT RESIDENTIAL UNDER 10 AC,IAAAAE,8001.0,RESIDENTIAL-VACANT LAND,RD-5,1.53,AC,,,,,,,,,,,20050805.0,1750000.0,UNINCORPORATED COUNTY,617700308573224959,Tier 1: Coded Vacant
11508601290000,115-0860-129-0000,POWER INN RD,SACRAMENTO,CA,95828.0,38.462108,-121.408064,SOUTHGATE RECREATION & PARK DISTRICT,,SACRAMENTO,CA,95823.0,,,,2024.0,19880208.0,0.0,VACANT RESIDENTIAL UNDER 2 AC,IAEAAE,8001.0,RESIDENTIAL-VACANT LAND,SPA,22782.0,SF,,,,,,,,,,,,,UNINCORPORATED COUNTY,617700308581613567,Tier 1: Coded Vacant
11508600180000,115-0860-018-0000,OAK LANDING CT,SACRAMENTO,CA,95828.0,38.460145,-121.405775,SOUTHGATE RECREATION & PARK DISTRICT,,SACRAMENTO,CA,95823.0,,,,2024.0,19890105.0,0.0,"MISC, UNUSABLE-SMALL",MSMALA,8009.0,"WASTE LAND, MARSH, SWAMP, SUBMERGED-VACANT LAND",SPA,218.0,SF,,,,,,,,,,,,,UNINCORPORATED COUNTY,617700308582662143,Tier 2: Zero Improvement
11508600190000,115-0860-019-0000,OAK LANDING CT,SACRAMENTO,CA,95828.0,38.460151,-121.405607,SOUTHGATE RECREATION & PARK DISTRICT,,SACRAMENTO,CA,95823.0,,,,2024.0,19890105.0,0.0,"MISC, UNUSABLE-SMALL",MSMALA,8009.0,"WASTE LAND, MARSH, SWAMP, SUBMERGED-VACANT LAND",SPA,131.0,SF,,,,,,,,,,,,,UNINCORPORATED COUNTY,617700308582662143,Tier 2: Zero Improvement
11508600320000,115-0860-032-0000,HEATHER GROVE CT,SACRAMENTO,CA,95828.0,38.460176,-121.404606,SOUTHGATE RECREATION & PARK DISTRICT,,SACRAMENTO,CA,95823.0,,,,2024.0,19890105.0,0.0,"MISC, UNUSABLE-SMALL",MSMALA,8009.0,"WASTE LAND, MARSH, SWAMP, SUBMERGED-VACANT LAND",SPA,261.0,SF,,,,,,,,,,,,,UNINCORPORATED COUNTY,617700308582662143,Tier 2: Zero Improvement
11501300170000,115-0130-017-0000,POWER INN RD,SACRAMENTO,CA,95828.0,38.459939,-121.405117,SOUTHGATE RECREATION & PARK DISTRICT,,SACRAMENTO,CA,95823.0,,,,2024.0,19860811.0,0.0,VACANT RESIDENTIAL UNDER 10 AC,IAAAAA,8001.0,RESIDENTIAL-VACANT LAND,SPA,2.1400001,AC,,,,,,,,,,,,,UNINCORPORATED COUNTY,617700308582662143,Tier 1: Coded Vacant
11508600310000,115-0860-031-0000,HEATHER GROVE CT,SACRAMENTO,CA,95828.0,38.460176,-121.404786,SOUTHGATE RECREATION & PARK DISTRICT,,SACRAMENTO,CA,95823.0,,,,2024.0,19890105.0,0.0,"MISC, UNUSABLE-SMALL",MSMALA,8009.0,"WASTE LAND, MARSH, SWAMP, SUBMERGED-VACANT LAND",SPA,218.0,SF,,,,,,,,,,,,,UNINCORPORATED COUNTY,617700308582662143,Tier 2: Zero Improvement
11511500230000,115-1150-023-0000,AUBERRY RD,SACRAMENTO,CA,95828.0,38.455234,-121.399204,SOUTHGATE RECREATION & PARK DISTRICT,,SACRAMENTO,CA,95823.0,,,,2024.0,19891206.0,0.0,"MISC, UNUSABLE-SMALL",MSMALA,8009.0,"WASTE LAND, MARSH, SWAMP, SUBMERGED-VACANT LAND",SPA,2965.0,SF,,,,,,,,,,,,,UNINCORPORATED COUNTY,617700308579516415,Tier 2: Zero Improvement
11511500240000,115-1150-024-0000,CALVINE RD,SACRAMENTO,CA,95828.0,38.45451,-121.399065,SOUTHGATE RECREATION & PARK DISTRICT,,SACRAMENTO,CA,95823.0,,,,2024.0,19891206.0,0.0,"MISC, UNUSABLE-SMALL",MSMALA,8009.0,"WASTE LAND, MARSH, SWAMP, SUBMERGED-VACANT LAND",SPA,7400.0,SF,,,,,,,,,,,,,UNINCORPORATED COUNTY,617700308580564991,Tier 2: Zero Improvement
11509700890000,115-0970-089-0000,BERINGER CT,SACRAMENTO,CA,95828.0,38.460009,-121.38841,SOUTHGATE RECREATION & PARK DISTRICT,,SACRAMENTO,CA,95823.0,,,,2024.0,19880208.0,0.0,VACANT RESIDENTIAL UNDER 2 AC,IAEAAE,8001.0,RESIDENTIAL-VACANT LAND,SPA,29620.0,SF,,,,,,,,,,,,,UNINCORPORATED COUNTY,617700308583710719,Tier 1: Coded Vacant
11515400280000,115-1540-028-0000,KEECH CT,SACRAMENTO,CA,95828.0,38.459864,-121.38835,SOUTHGATE PARKS & RECREATION DISTRICT,,SACRAMENTO,CA,95823.0,,,,2024.0,19971028.0,0.0,"MISC, UNUSABLE-SMALL",MSMALA,8009.0,"WASTE LAND, MARSH, SWAMP, SUBMERGED-VACANT LAND",RD-5,165.0,SF,,,,,,,,,,,,,UNINCORPORATED COUNTY,617700308583710719,Tier 2: Zero Improvement
11511401020000,115-1140-102-0000,CALVINE RD,SACRAMENTO,CA,95828.0,38.454079,-121.398227,SOUTHGATE RECREATION & PARK DISTRICT,,SACRAMENTO,CA,95823.0,,,,2024.0,19891206.0,0.0,"MISC, UNUSABLE-SMALL",MSMALA,8009.0,"WASTE LAND, MARSH, SWAMP, SUBMERGED-VACANT LAND",SPA,22900.0,SF,,,,,,,,,,,,,UNINCORPORATED COUNTY,617700308580564991,Tier 2: Zero Improvement
11501420350000,115-0142-035-0000,CALVINE RD,SACRAMENTO,CA,95828.0,38.457203,-121.382882,SOUTHGATE RECREATION & PARK DISTRICT,,SACRAMENTO,CA,95823.0,,,,2024.0,19971231.0,0.0,VACANT RESIDENTIAL UNDER 10 AC,IAAAAA,8001.0,RESIDENTIAL-VACANT LAND,O RD-5,4.9200001,AC,,,,,,,,,,,,,UNINCORPORATED COUNTY,617700308583448575,Tier 1: Coded Vacant
11509800160000,115-0980-016-0000,SONOMA HILLS WAY,SACRAMENTO,CA,95828.0,38.460013,-121.385744,SOUTHGATE RECREATION & PARK DISTRICT,,SACRAMENTO,CA,95823.0,,,,2024.0,19880208.0,0.0,RES/SINGLE FAMILY,A1000P,1001.0,SINGLE FAMILY RESIDENTIAL,SPA,2.8499999,AC,,,,,,,,,,,,,UNINCORPORATED COUNTY,617700308584235007,Tier 2: Zero Improvement
11515400300000,115-1540-030-0000,ORELLI CT,SACRAMENTO,CA,95828.0,38.459871,-121.387432,SOUTHGATE PARKS & RECREATION DISTRICT,,SACRAMENTO,CA,95823.0,,,,2024.0,19971028.0,0.0,"MISC, UNUSABLE-SMALL",MSMALA,8009.0,"WASTE LAND, MARSH, SWAMP, SUBMERGED-VACANT LAND",RD-5,90.0,SF,,,,,,,,,,,,,UNINCORPORATED COUNTY,617700308583710719,Tier 2: Zero Improvement
11515400290000,115-1540-029-0000,ORELLI CT,SACRAMENTO,CA,95828.0,38.459868,-121.387569,SOUTHGATE PARKS & RECREATION DISTRICT,,SACRAMENTO,CA,95823.0,,,,2024.0,19971028.0,0.0,"MISC, UNUSABLE-SMALL",MSMALA,8009.0,"WASTE LAND, MARSH, SWAMP, SUBMERGED-VACANT LAND",RD-5,89.0,SF,,,,,,,,,,,,,UNINCORPORATED COUNTY,617700308583710719,Tier 2: Zero Improvement
11515400310000,115-1540-031-0000,FLANNERY WAY,SACRAMENTO,CA,95828.0,38.459869,-121.386673,SOUTHGATE PARKS & RECREATION DISTRICT,,SACRAMENTO,CA,95823.0,,,,2024.0,19971028.0,0.0,"MISC, UNUSABLE-SMALL",MSMALA,8009.0,"WASTE LAND, MARSH, SWAMP, SUBMERGED-VACANT LAND",RD-5,126.0,SF,,,,,,,,,,,,,UNINCORPORATED COUNTY,617700308583710719,Tier 2: Zero Improvement
11508100210000,115-0810-021-0000,FINTOWN CT,SACRAMENTO,CA,95828.0,38.454869,-121.380585,SOUTHGATE RECREATION & PARK DISTRICT,,SACRAMENTO,CA,95823.0,,,,2024.0,19890918.0,0.0,"MISC, UNUSABLE-SMALL",MSMALA,8009.0,"WASTE LAND, MARSH, SWAMP, SUBMERGED-VACANT LAND",RD-5,5228.0,SF,,,,,,,,,,,,,UNINCORPORATED COUNTY,617700308585021439,Tier 2: Zero Improvement
27301920570000,273-0192-057-0000,6000 KENNETH AVE,CARMICHAEL,CA,95608.0,38.61234,-121.325181,CARMICHAEL RECREATION & PARK DIST,,CARMICHAEL,CA,95608.0,,,,2024.0,19740725.0,0.0,RES/SINGLE FAMILY/RURAL HOME(2-5 AC),A1D00B,1008.0,RURAL/AGRICULTURAL RESIDENCE,O (NPA),3.8299999,AC,1067.0,1948.0,1067.0,1,,2.0,,,,,,,UNINCORPORATED COUNTY,617700322579841023,Tier 2: Zero Improvement
5604400490000,056-0440-049-0000,10551 COLOMA RD,RANCHO CORDOVA,CA,95670.0,38.606538,-121.296399,CORDOVA RECREATION & PARK DISTRICT,,RANCHO CORDOVA,CA,95670.0,,,,2024.0,20120125.0,0.0,VACANT RESIDENTIAL UNDER 2 AC,IAEBAA,8001.0,RESIDENTIAL-VACANT LAND,SPA (WRSPA,36068.0,SF,,,,,,,,,,,20120125.0,,UNINCORPORATED COUNTY,617700322563588095,Tier 1: Coded Vacant
7700300480000,077-0030-048-0000,10494 WHITE ROCK RD,RANCHO CORDOVA,CA,95670.0,38.584515,-121.298787,CORDOVA RECREATION & PARK DIST,,RANCHO CORDOVA,CA,95670.0,,,,2024.0,,0.0,"MISC, UNUSABLE-SMALL",MSMALA,8009.0,"WASTE LAND, MARSH, SWAMP, SUBMERGED-VACANT LAND",POS (H),863.0,SF,,,,,,,,,,,,,UNINCORPORATED COUNTY,617700322630959103,Tier 2: Zero Improvement
7505100720000,075-0510-072-0000,9615 APPALACHIAN DR,SACRAMENTO,CA,95827.0,38.575466,-121.341037,CORDOVA RECREATION & PARK DISTRICT,,RANCHO CORDOVA,CA,95670.0,,,,2024.0,19821007.0,0.0,VACANT RESIDENTIAL UNDER 2 AC,IAEDFA,8001.0,RESIDENTIAL-VACANT LAND,RD-5,5663.0,SF,,,,,,,,,,,,,UNINCORPORATED COUNTY,617700322408660991,Tier 1: Coded Vacant
6705401090000,067-0540-109-0000,ANATOLIA DR,RANCHO CORDOVA,CA,95742.0,38.5573,-121.239764,CORDOVA PARK AND RECREATION DISTRICT,,RANCHO CORDOVA,CA,95670.0,,,,2024.0,,0.0,VACANT RESIDENTIAL UNDER 2 AC,IAEAAA,8001.0,RESIDENTIAL-VACANT LAND,RD 7 (SDSP,22741.0,SF,,,,,,,,,,,,,UNINCORPORATED COUNTY,617700310630268927,Tier 1: Coded Vacant
6705401100000,067-0540-110-0000,SUNRISE BLVD,RANCHO CORDOVA,CA,95742.0,38.556694,-121.241699,CORDOVA PARK AND RECREATION DISTRICT,,RANCHO CORDOVA,CA,95670.0,,,,2024.0,,0.0,VACANT RESIDENTIAL UNDER 2 AC,IAEAAA,8001.0,RESIDENTIAL-VACANT LAND,RD 7 (SDSP,27768.0,SF,,,,,,,,,,,,,UNINCORPORATED COUNTY,617700310630268927,Tier 1: Coded Vacant
6705501330000,067-0550-133-0000,SUNRISE BLVD,RANCHO CORDOVA,CA,95742.0,38.553716,-121.242645,CORDOVA PARK AND RECREATION DISTRICT,,RANCHO CORDOVA,CA,95670.0,,,,2024.0,,0.0,VACANT RESIDENTIAL UNDER 2 AC,IAEAAA,8001.0,RESIDENTIAL-VACANT LAND,RD 7 (SDSP,26250.0,SF,,,,,,,,,,,,,UNINCORPORATED COUNTY,617700310631579647,Tier 1: Coded Vacant
6705501340000,067-0550-134-0000,ANATOLIA DR,RANCHO CORDOVA,CA,95742.0,38.554615,-121.238714,CORDOVA PARK AND RECREATION DISTRICT,,RANCHO CORDOVA,CA,95670.0,,,,2024.0,,0.0,VACANT RESIDENTIAL UNDER 2 AC,IAEAAA,8001.0,RESIDENTIAL-VACANT LAND,RD 7 (SDSP,1494.0,SF,,,,,,,,,,,,,UNINCORPORATED COUNTY,617700310631317503,Tier 1: Coded Vacant
6709300460000,067-0930-046-0000,DOUGLAS RD,RANCHO CORDOVA,CA,95742.0,38.559121,-121.218572,RANCHO CORDOVA RECREATION PARK DIST,,RANCHO CORDOVA,CA,95670.0,,,,2024.0,,0.0,"MISC, UNUSABLE-SMALL",MSMALA,8009.0,"WASTE LAND, MARSH, SWAMP, SUBMERGED-VACANT LAND",RD 7 (SDSP,15366.0,SF,,,,,,,,,,,20141016.0,,UNINCORPORATED COUNTY,617700310725689343,Tier 2: Zero Improvement
6708300830000,067-0830-083-0000,DOUGLAS RD,RANCHO CORDOVA,CA,95742.0,38.55913,-121.2127,RANCHO CORDOVA RECREATION PARK DIST,,RANCHO CORDOVA,CA,95670.0,,,,2024.0,,0.0,"MISC, UNUSABLE-SMALL",MSMALA,8009.0,"WASTE LAND, MARSH, SWAMP, SUBMERGED-VACANT LAND",RD 5 (SDSP,29583.0,SF,,,,,,,,,,,20141016.0,,UNINCORPORATED COUNTY,617700310723330047,Tier 2: Zero Improvement
6708300810000,067-0830-081-0000,KATAHDIN DR,RANCHO CORDOVA,CA,95742.0,38.558944,-121.210597,RANCHO CORDOVA RECREATION PARK DIST,,RANCHO CORDOVA,CA,95670.0,,,,2024.0,,0.0,"MISC, UNUSABLE-SMALL",MSMALA,8009.0,"WASTE LAND, MARSH, SWAMP, SUBMERGED-VACANT LAND",RD 5 (SDSP,1608.0,SF,,,,,,,,,,,20141016.0,,UNINCORPORATED COUNTY,617700310723330047,Tier 2: Zero Improvement
6708500810000,067-0850-081-0000,12402 DOUGLAS RD,RANCHO CORDOVA,CA,95742.0,38.559133,-121.208126,RANCHO CORDOVA RECREATION & PARK DISTRICT,,RANCHO CORDOVA,CA,95670.0,,,,2024.0,,0.0,"MISC, UNUSABLE-SMALL",MSMALA,8009.0,"WASTE LAND, MARSH, SWAMP, SUBMERGED-VACANT LAND",RD 4 (SDSP,23465.0,SF,,,,,,,,,,,20150625.0,,UNINCORPORATED COUNTY,617700310042017791,Tier 2: Zero Improvement
6708500570000,067-0850-057-0000,KATAHDIN DR,RANCHO CORDOVA,CA,95742.0,38.558942,-121.210353,RANCHO CORDOVA RECREATION PARK DIST,,RANCHO CORDOVA,CA,95670.0,,,,2024.0,,0.0,"MISC, UNUSABLE-SMALL",MSMALA,8009.0,"WASTE LAND, MARSH, SWAMP, SUBMERGED-VACANT LAND",RD 4 (SDSP,1632.0,SF,,,,,,,,,,,20141016.0,,UNINCORPORATED COUNTY,617700310723330047,Tier 2: Zero Improvement
6708500580000,067-0850-058-0000,KATAHDIN DR,RANCHO CORDOVA,CA,95742.0,38.557985,-121.210368,RANCHO CORDOVA RECREATION PARK DIST,,RANCHO CORDOVA,CA,95670.0,,,,2024.0,,0.0,"MISC, UNUSABLE-SMALL",MSMALA,8009.0,"WASTE LAND, MARSH, SWAMP, SUBMERGED-VACANT LAND",RD 4 (SDSP,6986.0,SF,,,,,,,,,,,20141016.0,,UNINCORPORATED COUNTY,617700310723330047,Tier 2: Zero Improvement
6708300820000,067-0830-082-0000,CANYONLANDS DR,RANCHO CORDOVA,CA,95742.0,38.558001,-121.210588,RANCHO CORDOVA RECREATION PARK DIST,,RANCHO CORDOVA,CA,95670.0,,,,2024.0,,0.0,"MISC, UNUSABLE-SMALL",MSMALA,8009.0,"WASTE LAND, MARSH, SWAMP, SUBMERGED-VACANT LAND",RD 5 (SDSP,6830.0,SF,,,,,,,,,,,20141016.0,,UNINCORPORATED COUNTY,617700310723330047,Tier 2: Zero Improvement
6708500820000,067-0850-082-0000,DOUGLAS RD,RANCHO CORDOVA,CA,95742.0,38.559139,-121.205986,RANCHO CORDOVA RECREATION & PARK DISTRICT,,RANCHO CORDOVA,CA,95670.0,,,,2024.0,,0.0,"MISC, UNUSABLE-SMALL",MSMALA,8009.0,"WASTE LAND, MARSH, SWAMP, SUBMERGED-VACANT LAND",RD 5 (SDSP,2599.0,SF,,,,,,,,,,,20150625.0,,UNINCORPORATED COUNTY,617700310039134207,Tier 2: Zero Improvement
20703000040000,207-0300-004-0000,804 OAK LN,RIO LINDA,CA,95673.0,38.68889,-121.446627,RIO LINDA & ELVERTA RECREATION AND PARK DISTRICT,,RIO LINDA,CA,95673.0,,,,2024.0,,0.0,RES/SINGLE FAMILY/RURAL HOME(2 AC OR LES,A1C00A,1008.0,RURAL/AGRICULTURAL RESIDENCE,AR-2,1.25,AC,1562.0,1952.0,1562.0,1.0,,2.0,,,,,20040301.0,,UNINCORPORATED COUNTY,617700316162031615,Tier 2: Zero Improvement
20321701690000,203-2170-169-0000,WINKFIELD WAY,ANTELOPE,CA,95843.0,38.717014,-121.397977,RIO LINDA ELVERTA RECREATION AND PARK DISTRICT,,RIO LINDA,CA,95673.0,,,,2024.0,,0.0,"MISC, UNUSABLE-SMALL",MSMALA,8009.0,"WASTE LAND, MARSH, SWAMP, SUBMERGED-VACANT LAND",RD-10,0.0,,,,,,,,,,,,,,UNINCORPORATED COUNTY,617700321949122559,Tier 2: Zero Improvement
20320800090000,203-2080-009-0000,BING DR,ANTELOPE,CA,95843.0,38.714216,-121.397738,NORTH HIGHLANDS RECREATION & PARK DISTRICT,,NORTH HIGHLANDS,CA,95660.0,,,,2024.0,,0.0,"MISC, UNUSABLE-SMALL",MSMALA,8009.0,"WASTE LAND, MARSH, SWAMP, SUBMERGED-VACANT LAND",RD-10,17005.0,SF,,,,,,,,,,,20190426.0,300000.0,UNINCORPORATED COUNTY,617700321950171135,Tier 2: Zero Improvement
20320800100000,203-2080-010-0000,BING DR,ANTELOPE,CA,95843.0,38.714214,-121.396861,NORTH HIGHLANDS RECREATION & PARK DISTRICT,,NORTH HIGHLANDS,CA,95660.0,,,,2024.0,,0.0,"MISC, UNUSABLE-SMALL",MSMALA,8009.0,"WASTE LAND, MARSH, SWAMP, SUBMERGED-VACANT LAND",RD-10,13309.0,SF,,,,,,,,,,,20190426.0,300000.0,UNINCORPORATED COUNTY,617700321950171135,Tier 2: Zero Improvement
20320900670000,203-2090-067-0000,BING DR,ANTELOPE,CA,95843.0,38.712623,-121.397197,NORTH HIGHLANDS RECREATION & PARK DISTRICT,,NORTH HIGHLANDS,CA,95660.0,,,,2024.0,,0.0,"MISC, UNUSABLE-SMALL",MSMALA,8009.0,"WASTE LAND, MARSH, SWAMP, SUBMERGED-VACANT LAND",RD-10 RD-7,3122.0,SF,,,,,,,,,,,20190426.0,300000.0,UNINCORPORATED COUNTY,617700321946763263,Tier 2: Zero Improvement
20320900680000,203-2090-068-0000,BING DR,ANTELOPE,CA,95843.0,38.711996,-121.397201,NORTH HIGHLANDS RECREATION & PARK DISTRICT,,NORTH HIGHLANDS,CA,95660.0,,,,2024.0,,0.0,"MISC, UNUSABLE-SMALL",MSMALA,8009.0,"WASTE LAND, MARSH, SWAMP, SUBMERGED-VACANT LAND",RD-7,3600.0,SF,,,,,,,,,,,20190426.0,300000.0,UNINCORPORATED COUNTY,617700321946763263,Tier 2: Zero Improvement
20320900690000,203-2090-069-0000,BING DR,ANTELOPE,CA,95843.0,38.711477,-121.397207,NORTH HIGHLANDS RECREATION & PARK DISTRICT,,NORTH HIGHLANDS,CA,95660.0,,,,2024.0,,0.0,"MISC, UNUSABLE-SMALL",MSMALA,8009.0,"WASTE LAND, MARSH, SWAMP, SUBMERGED-VACANT LAND",RD-7,1714.0,SF,,,,,,,,,,,20190426.0,300000.0,UNINCORPORATED COUNTY,617700321946763263,Tier 2: Zero Improvement
20320900700000,203-2090-070-0000,BING DR,ANTELOPE,CA,95843.0,38.711475,-121.396996,NORTH HIGHLANDS RECREATION & PARK DISTRICT,,NORTH HIGHLANDS,CA,95660.0,,,,2024.0,,0.0,"MISC, UNUSABLE-SMALL",MSMALA,8009.0,"WASTE LAND, MARSH, SWAMP, SUBMERGED-VACANT LAND",RD-10,1660.0,SF,,,,,,,,,,,20190426.0,300000.0,UNINCORPORATED COUNTY,617700321946763263,Tier 2: Zero Improvement
20320800110000,203-2080-011-0000,SCOTLAND DR,ANTELOPE,CA,95843.0,38.712523,-121.395492,NORTH HIGHLANDS RECREATION & PARK DISTRICT,,NORTH HIGHLANDS,CA,95660.0,,,,2024.0,,0.0,"MISC, UNUSABLE-SMALL",MSMALA,8009.0,"WASTE LAND, MARSH, SWAMP, SUBMERGED-VACANT LAND",RD-10,4839.0,SF,,,,,,,,,,,20190426.0,300000.0,UNINCORPORATED COUNTY,617700321947287551,Tier 2: Zero Improvement
20314100550000,203-1410-055-0000,RIDGE RIM CT,ANTELOPE,CA,95843.0,38.71963,-121.383018,SUNRISE RECREATION & PARK DISTRICT,,CITRUS HEIGHTS,CA,95610.0,,,,2024.0,19911001.0,0.0,"MISC, UNUSABLE-SMALL",MSMALA,8009.0,"WASTE LAND, MARSH, SWAMP, SUBMERGED-VACANT LAND",RD-7,460.0,SF,,,,,,,,,,,,,UNINCORPORATED COUNTY,617700318068080639,Tier 2: Zero Improvement
20301000770000,203-0100-077-0000,3721 NAVAHO DR,ANTELOPE,CA,95843.0,38.713767,-121.380219,NORTH HIGHLANDS RECREATION & PARK DISTRICT,,NORTH HIGHLANDS,CA,95660.0,,,,2024.0,20021213.0,0.0,"SPORTS COURTS,FIELDS,STADIUMS",FH00MA,4000.0,RECREATIONAL/ENTERTAINMENT (GENERAL),RD-5,6.4200001,AC,,,,,,,,,,,20021213.0,,UNINCORPORATED COUNTY,617700318075682815,Tier 2: Zero Improvement
20321300330000,203-2130-033-0000,BING CT,ANTELOPE,CA,95843.0,38.709135,-121.397825,NORTH HIGHLANDS RECREATION & PARK DISTRICT,,NORTH HIGHLANDS,CA,95660.0,,,,2024.0,,0.0,"MISC, UNUSABLE-SMALL",MSMALA,8009.0,"WASTE LAND, MARSH, SWAMP, SUBMERGED-VACANT LAND",RD-7,11158.0,SF,,,,,,,,,,,20190426.0,300000.0,UNINCORPORATED COUNTY,617700321947811839,Tier 2: Zero Improvement
20321300340000,203-2130-034-0000,BING DR,ANTELOPE,CA,95843.0,38.709543,-121.396347,NORTH HIGHLANDS RECREATION & PARK DISTRICT,,NORTH HIGHLANDS,CA,95660.0,,,,2024.0,,0.0,VACANT RESIDENTIAL UNDER 10 AC,IAAAFA,8001.0,RESIDENTIAL-VACANT LAND,O,3.03,AC,,,,,,,,,,,20190426.0,300000.0,UNINCORPORATED COUNTY,617700321947811839,Tier 1: Coded Vacant
11505500490000,115-0550-049-0000,ELSIE AVE,SACRAMENTO,CA,95828.0,38.474259,-121.404739,SOUTHGATE PARKS & RECREATION DISTRICT,,SACRAMENTO,CA,95823.0,,,,2024.0,19930721.0,0.0,"MISC, UNUSABLE-SMALL",MSMALA,8009.0,"WASTE LAND, MARSH, SWAMP, SUBMERGED-VACANT LAND",RD-5,3010.0,SF,,,,,,,,,,,,,UNINCORPORATED COUNTY,617700308475969535,Tier 2: Zero Improvement
25700400060000,257-0040-006-0000,7180 SUNRISE BLVD,CITRUS HEIGHTS,CA,95610.0,38.697632,-121.270969,SUNRISE RECREATION & PARK DISTRICT,,CITRUS HEIGHTS,CA,95610.0,,,,2024.0,19761108.0,0.0,VACANT RECREATIONAL 5+ AC,IFGBMA,8010.0,RECREATIONAL-VACANT LAND,O,5.5100002,AC,,,,,,,,,,,,,UNINCORPORATED COUNTY,617700278502948863,Tier 1: Coded Vacant
22401900240000,224-0190-024-0000,8275 OAK AVE,CITRUS HEIGHTS,CA,95610.0,38.702544,-121.256744,SUNRISE RECREATION & PARK DISTRICT,,CITRUS HEIGHTS,CA,95610.0,,,,2024.0,19810224.0,0.0,VACANT RESIDENTIAL UNDER 2 AC,IAEAAA,8001.0,RESIDENTIAL-VACANT LAND,RD5,1.9299999,AC,,,,,,,,,,,,,UNINCORPORATED COUNTY,617700278475161599,Tier 1: Coded Vacant
25901600620000,259-0160-062-0000,ESCALLONIA DR,ORANGEVALE,CA,95662.0,38.69314,-121.253596,ORANGEVALE RECREATION & PARKS DISTRICT,,ORANGEVALE,CA,95662.0,,,,2024.0,,0.0,"MISC, UNUSABLE-SMALL",MSMALA,8009.0,"WASTE LAND, MARSH, SWAMP, SUBMERGED-VACANT LAND",O,0.0,,,,,,,,,,,,,,UNINCORPORATED COUNTY,617700278473588735,Tier 2: Zero Improvement
25901600590000,259-0160-059-0000,ESCALLONIA DR,ORANGEVALE,CA,95662.0,38.692992,-121.253625,ORANGEVALE RECREATION & PARKS DISTRICT,,ORANGEVALE,CA,95662.0,,,,2024.0,,0.0,"MISC, UNUSABLE-SMALL",MSMALA,8009.0,"WASTE LAND, MARSH, SWAMP, SUBMERGED-VACANT LAND",O,0.0,,,,,,,,,,,,,,UNINCORPORATED COUNTY,617700278473588735,Tier 2: Zero Improvement
25901130310000,259-0113-031-0000,DRYWOOD WAY,ORANGEVALE,CA,95662.0,38.692927,-121.253682,ORANGEVALE RECREATION AND PARKS DISTRICT,,ORANGEVALE,CA,95662.0,,,,2024.0,,0.0,"MISC, UNUSABLE-SMALL",MSMALA,8009.0,"WASTE LAND, MARSH, SWAMP, SUBMERGED-VACANT LAND",RD-5,0.0,,,,,,,,,,,,,,UNINCORPORATED COUNTY,617700278473588735,Tier 2: Zero Improvement
25901600600000,259-0160-060-0000,6927 ESCALLONIA DR,ORANGEVALE,CA,95662.0,38.692786,-121.253641,ORANGEVALE RECREATION & PARKS DISTRICT,,ORANGEVALE,CA,95662.0,10.0,,10.0,2024.0,,0.0,"MISC, UNUSABLE-SMALL",MSMALA,8009.0,"WASTE LAND, MARSH, SWAMP, SUBMERGED-VACANT LAND",O,0.0,,,,,,,,,,,,,,UNINCORPORATED COUNTY,617700278473588735,Tier 2: Zero Improvement
25903300390000,259-0330-039-0000,WAR HORSE CT,ORANGEVALE,CA,95662.0,38.686865,-121.255645,ORANGEVALE RECREATION & PARK DISTRICT,,ORANGEVALE,CA,95662.0,,,,2024.0,19851127.0,0.0,VAC RECREATION SITE 2- AC,IFACOA,8010.0,RECREATIONAL-VACANT LAND,R-1-A (PD),4.4400001,AC,,,,,,,,,,,,,UNINCORPORATED COUNTY,617700278480928767,Tier 1: Coded Vacant
21301610260000,213-0161-026-0000,6920 HAZEL AVE,ORANGEVALE,CA,95662.0,38.691949,-121.224128,ORANGEVALE RECREATION & PARK DISTRICT,,ORANGEVALE,CA,95662.0,,,,2024.0,,0.0,"OFFICE, RES, CONVERSION 1 STORY",CJA00A,2044.0,COMMERCIAL/OFFICE/RESIDENTIAL (MIXED USE),AR-1,1.88,AC,1354.0,1956.0,1354.0,1,,,,,,,20191001.0,917500.0,UNINCORPORATED COUNTY,617700278295330815,Tier 2: Zero Improvement
21301610270000,213-0161-027-0000,6930 HAZEL AVE,ORANGEVALE,CA,95662.0,38.692318,-121.224124,ORANGEVALE RECREATION & PARK DISTRICT,,ORANGEVALE,CA,95662.0,,,,2024.0,,0.0,GENERAL OFFICE,CAA00A,3003.0,OFFICE BLDG (GENERAL),AR-1,1.88,AC,5624.0,1960.0,5624.0,1,,,,,,,20191001.0,917500.0,UNINCORPORATED COUNTY,617700278295330815,Tier 2: Zero Improvement
21301610290000,213-0161-029-0000,6908 HAZEL AVE,ORANGEVALE,CA,95662.0,38.691329,-121.224718,ORANGEVALE RECREATION & PARK DISTRICT,,ORANGEVALE,CA,95662.0,,,,2024.0,20011219.0,0.0,RES/SINGLE FAMILY/NON-SUBDIVISION,A1B00B,1001.0,SINGLE FAMILY RESIDENTIAL,AR-1,29185.0,SF,973.0,1934.0,973.0,1,,2.0,,,,,20011219.0,100000.0,UNINCORPORATED COUNTY,617700278295330815,Tier 2: Zero Improvement
21301610330000,213-0161-033-0000,6826 HAZEL AVE,ORANGEVALE,CA,95662.0,38.690699,-121.224571,ORANGEVALE RECREATION & PARK DISTRICT,,ORANGEVALE,CA,95662.0,,,,2024.0,19910529.0,0.0,VACANT RESIDENTIAL UNDER 10 AC,IAABEA,8001.0,RESIDENTIAL-VACANT LAND,AR-1,3.1199999,AC,,,,,,,,,,,,,UNINCORPORATED COUNTY,617700278295330815,Tier 1: Coded Vacant
21303600120000,213-0360-012-0000,HAZEL AVE,ORANGEVALE,CA,95662.0,38.688916,-121.224191,ORANGEVALE RECREATION & PARK DISTRICT,,ORANGEVALE,CA,95662.0,,,,2024.0,19910529.0,0.0,VACANT RESIDENTIAL UNDER 2 AC,IAEBFA,8001.0,RESIDENTIAL-VACANT LAND,AR-1,4.5900002,AC,,,,,,,,,,,,,UNINCORPORATED COUNTY,617700278288515071,Tier 1: Coded Vacant
21300150090000,213-0015-009-0000,7208 HAZEL AVE,ORANGEVALE,CA,95662.0,38.696461,-121.222157,ORANGEVALE RECREATION & PARK DISTRICT,,ORANGEVALE,CA,95662.0,,,,2024.0,19851127.0,0.0,PRIVATE CLUB,FH00BA,4007.0,"CLUBS, LODGES, PROFESSIONAL ASSOCIATIONS",O,22.74,AC,,,,,,,,,,,,,UNINCORPORATED COUNTY,617700278294806527,Tier 2: Zero Improvement
20903300180000,209-0330-018-0000,8100 BUTTERNUT DR,CITRUS HEIGHTS,CA,95621.0,38.715759,-121.302114,SUNRISE RECREATION & PARK DISTRICT,,CITRUS HEIGHTS,CA,95610.0,,,,2024.0,19810420.0,0.0,RES/MOBILE HOME PARK,AH0004,1109.0,"MOBILE HOME PARK, TRAILER PARK",O,26180.0,SF,,,,,,,,,,,,,UNINCORPORATED COUNTY,617700322194489343,Tier 2: Zero Improvement
20402020070000,204-0202-007-0000,7429 ANTELOPE RD,CITRUS HEIGHTS,CA,95621.0,38.707366,-121.293248,SUNRISE RECREATION & PARK DISTRICT,,CITRUS HEIGHTS,CA,95610.0,,,,2024.0,,0.0,RES/SINGLE FAMILY/NON-SUBDIVISION,A1B00A,1001.0,SINGLE FAMILY RESIDENTIAL,O,14017.0,SF,1632.0,1949.0,1632.0,1.0,,3.0,,,,,20180316.0,,UNINCORPORATED COUNTY,617700322208120831,Tier 2: Zero Improvement
21106000200000,211-0600-020-0000,TWIN PARK DR,CITRUS HEIGHTS,CA,95621.0,38.69572,-121.313489,SUNRISE RECREATION & PARK DISTRICT,,CITRUS HEIGHTS,CA,95610.0,,,,2024.0,19770826.0,0.0,"MISC, UNUSABLE-SMALL",MSMALA,8009.0,"WASTE LAND, MARSH, SWAMP, SUBMERGED-VACANT LAND",RD5,570.0,SF,,,,,,,,,,,,,UNINCORPORATED COUNTY,617700322264481791,Tier 2: Zero Improvement
21101530150000,211-0153-015-0000,7000 VERNER AVE,CITRUS HEIGHTS,CA,95621.0,38.691745,-121.324383,SUNRISE RECREATION & PARK DISTRICT,,CITRUS HEIGHTS,CA,95610.0,,,,2024.0,19820305.0,0.0,GOLF COURSE (PUBLIC),FAB00A,4028.0,GOLF COURSE,CR,15.27,AC,,,,,,,,,,,,,UNINCORPORATED COUNTY,617700322234597375,Tier 2: Zero Improvement
21101530160000,211-0153-016-0000,VERNER AVE,CITRUS HEIGHTS,CA,95621.0,38.692778,-121.324384,SUNRISE RECREATION & PARK DISTRICT,,CITRUS HEIGHTS,CA,95610.0,,,,2024.0,19820305.0,0.0,GOLF COURSE (PUBLIC),FAB00A,4028.0,GOLF COURSE,CR,200.0,SF,,,,,,,,,,,,,UNINCORPORATED COUNTY,617700322234597375,Tier 2: Zero Improvement
21107400010000,211-0740-001-0000,FLAMING ARROW DR,CITRUS HEIGHTS,CA,95621.0,38.690059,-121.326105,SUNRISE RECREATION & PARK DISTRICT,,CITRUS HEIGHTS,CA,95610.0,,,,2024.0,19801106.0,0.0,VACANT RESIDENTIAL UNDER 2 AC,IAEDFA,8001.0,RESIDENTIAL-VACANT LAND,SPA,3.9000001,AC,,,,,,,,,,,,,UNINCORPORATED COUNTY,617700322234597375,Tier 1: Coded Vacant
21106600600000,211-0660-060-0000,,,,,38.693214,-121.313446,SUNRISE RECREATION & PARK DISTRICT,,CITRUS HEIGHTS,CA,95610.0,,,,2024.0,19771024.0,0.0,"MISC, UNUSABLE-SMALL",MSMALA,8009.0,"WASTE LAND, MARSH, SWAMP, SUBMERGED-VACANT LAND",RD5,348.0,SF,,,,,,,,,,,,,UNINCORPORATED COUNTY,617700322272346111,Tier 2: Zero Improvement
26802100510000,268-0210-051-0000,,,,,38.61448,-121.394487,FULTON EL CAMINO REC & PARK DIST,,SACRAMENTO,CA,95825.0,,,,2024.0,,0.0,"MISC, UNUSABLE-SMALL",MSMALA,8009.0,"WASTE LAND, MARSH, SWAMP, SUBMERGED-VACANT LAND",RD-3,10442.0,SF,,,,,,,,,,,,,UNINCORPORATED COUNTY,617700322542354431,Tier 2: Zero Improvement
22302900300000,223-0290-030-0000,MORNINGLO LN,ORANGEVALE,CA,95662.0,38.670031,-121.195545,CA DEPT OF PARKS & RECREATION,,ORANGEVALE,CA,95662.0,472.0,,472.0,2024.0,20040203.0,0.0,"MISC, UNUSABLE-SMALL",MSMALA,8009.0,"WASTE LAND, MARSH, SWAMP, SUBMERGED-VACANT LAND",O (PC),1931.0,SF,,,,,,,,,,,,,UNINCORPORATED COUNTY,617700278283796479,Tier 2: Zero Improvement
23501000130000,235-0100-013-0000,SNIPES BLVD,ORANGEVALE,CA,95662.0,38.668312,-121.19664,STATE OF CALIFORNIA PARKS & RECREATION,,SACRAMENTO,CA,95834.0,,,,2024.0,20021204.0,0.0,VACANT RESIDENTIAL UNDER 2 AC,IAEAAB,8001.0,RESIDENTIAL-VACANT LAND,O (PC),3920.0,SF,,,,,,,,,,,20021204.0,,UNINCORPORATED COUNTY,617700278284845055,Tier 1: Coded Vacant
23501000170000,235-0100-017-0000,SNIPES BLVD,ORANGEVALE,CA,95662.0,38.668265,-121.196981,STATE OF CALIFORNIA PARKS & RECREATION,,SACRAMENTO,CA,95814.0,,,,2024.0,20021030.0,0.0,VAC RECREATION UNDER 2 AC,IFEAAB,8010.0,RECREATIONAL-VACANT LAND,O (PC),27007.0,SF,,,,,,,,,,,20021030.0,,UNINCORPORATED COUNTY,617700278284845055,Tier 1: Coded Vacant
23501000030000,235-0100-003-0000,9571 PERSHING AVE,ORANGEVALE,CA,95662.0,38.668313,-121.196201,STATE OF CALIFORNIA PARKS & RECREATION,,SACRAMENTO,CA,95834.0,,,,2024.0,20021204.0,0.0,VACANT RESIDENTIAL UNDER 2 AC,IAEAAB,8001.0,RESIDENTIAL-VACANT LAND,O (PC),1.01,AC,,,,,,,,,,,20021204.0,,UNINCORPORATED COUNTY,617700278284845055,Tier 1: Coded Vacant
23501000260000,235-0100-026-0000,TWIN LAKES AVE,ORANGEVALE,CA,95662.0,38.666688,-121.195033,STATE OF CALIFORNIA PARKS & RECREATION,,SACRAMENTO,CA,95814.0,,,,2024.0,20021030.0,0.0,VACANT RECREATION 10-49AC,IFBAAA,8010.0,RECREATIONAL-VACANT LAND,O (PC),29.75,AC,,,,,,,,,,,20021030.0,,UNINCORPORATED COUNTY,617700278284845055,Tier 1: Coded Vacant
600610010000,006-0061-001-0000,815 15TH ST,SACRAMENTO,CA,95814.0,38.580128,-121.485473,STATE OF CALIFORNIA PARKS & RECREATION,,SACRAMENTO,CA,95814.0,,,,2024.0,20101230.0,0.0,GENERAL OFFICE,CAA00A,3003.0,OFFICE BLDG (GENERAL),C-2-SPD,6600.0,SF,,,,,,,,,,,20101230.0,,CITY OF SACRAMENTO,617700319906234367,Tier 2: Zero Improvement
22004500570000,220-0450-057-0000,FREMONT CIR,SACRAMENTO,CA,95841.0,38.680029,-121.338626,SUNRISE RECREATION & PARK DISTRICT,,CITRUS HEIGHTS,CA,95610.0,,,,2024.0,,0.0,VACANT RECREATIONAL UNDER 2 AC,IFEEFA,8010.0,RECREATIONAL-VACANT LAND,RD-5,7841.0,SF,,,,,,,,,,,,,UNINCORPORATED COUNTY,617700322238791679,Tier 1: Coded Vacant
22004500260000,220-0450-026-0000,6225 FREMONT CIR,SACRAMENTO,CA,95841.0,38.679803,-121.338303,SUNRISE REC & PARK DISTRICT,,CITRUS HEIGHTS,CA,95610.0,,,,2024.0,,0.0,VAC RECREATION UNDER 2 AC,IFEDFA,8010.0,RECREATIONAL-VACANT LAND,RD-5,15878.0,SF,,,,,,,,,,,20140313.0,,UNINCORPORATED COUNTY,617700322238791679,Tier 1: Coded Vacant
23000920370000,230-0092-037-0000,GARFIELD AVE,SACRAMENTO,CA,95841.0,38.656184,-121.336894,ARCADE CREEK RECREATION & PARK DISTRICT,,SACRAMENTO,CA,95841.0,,,,2024.0,19900514.0,0.0,"MISC, UNUSABLE-SMALL",MSMALE,8009.0,"WASTE LAND, MARSH, SWAMP, SUBMERGED-VACANT LAND",O,18376.0,SF,,,,,,,,,,,,,UNINCORPORATED COUNTY,617700321801797631,Tier 2: Zero Improvement
7403000560000,074-0300-056-0000,WOODMOSS CT,SACRAMENTO,CA,95826.0,38.540129,-121.350038,CORDOVA RECREATION & PARK DISTRICT,,RANCHO CORDOVA,CA,95670.0,,,,2024.0,19821007.0,0.0,VACANT RESIDENTIAL UNDER 2 AC,IAEAFA,8001.0,RESIDENTIAL-VACANT LAND,RD-5,11326.0,SF,,,,,,,,,,,,,UNINCORPORATED COUNTY,617700308288274431,Tier 1: Coded Vacant
7403160240000,074-0316-024-0000,OXWOOD DR,SACRAMENTO,CA,95826.0,38.540185,-121.348002,CORDOVA RECREATION & PARK DISTRICT,,RANCHO CORDOVA,CA,95670.0,,,,2024.0,19800620.0,0.0,VACANT RESIDENTIAL UNDER 10 AC,IAAAFA,8001.0,RESIDENTIAL-VACANT LAND,RD-5,1.89,AC,,,,,,,,,,,,,UNINCORPORATED COUNTY,617700308293255167,Tier 1: Coded Vacant
6300200290000,063-0020-029-0000,JACKSON RD,SACRAMENTO,CA,95826.0,38.538177,-121.349438,CORDOVA RECREATION & PARK DIST,,RANCHO CORDOVA,CA,95670.0,,,,2024.0,19730404.0,0.0,GOLF COURSE (PUBLIC),FAB00A,4028.0,GOLF COURSE,O (SM),20.139999,AC,,,,,,,,,,,,,UNINCORPORATED COUNTY,617700308289323007,Tier 2: Zero Improvement
6300200360000,063-0020-036-0000,9425 JACKSON RD,SACRAMENTO,CA,95826.0,38.533975,-121.347576,CORDOVA RECREATION & PARK DIST,,RANCHO CORDOVA,CA,95670.0,,,,2024.0,19730404.0,0.0,GOLF COURSE (PUBLIC),FAB00A,4028.0,GOLF COURSE,O (SM),12.04,AC,,,,,,,,,,,,,UNINCORPORATED COUNTY,617700308285652991,Tier 2: Zero Improvement
6300200350000,063-0020-035-0000,9425 JACKSON RD,SACRAMENTO,CA,95826.0,38.534802,-121.34676,CORDOVA RECREATION & PARK DIST,,RANCHO CORDOVA,CA,95670.0,,,,2024.0,19730404.0,0.0,GOLF COURSE (PUBLIC),FAB00A,4028.0,GOLF COURSE,O (SM),8.0,AC,,,,,,,,,,,,,UNINCORPORATED COUNTY,617700308285652991,Tier 2: Zero Improvement
6300200100000,063-0020-010-0000,9405 JACKSON RD,SACRAMENTO,CA,95826.0,38.533421,-121.348694,CORDOVA RECREATION PARK DIST,,RANCHO CORDOVA,CA,95670.0,,,,2024.0,20060228.0,0.0,VAC INDUSTRIAL UNDER 2AC,IGEABB,8003.0,INDUSTRIAL-VACANT LAND,M-1 (SM),1.8,AC,,,,,,,,,,,20060228.0,850000.0,UNINCORPORATED COUNTY,617700308285915135,Tier 1: Coded Vacant
6300200030000,063-0020-003-0000,9425 JACKSON RD,SACRAMENTO,CA,95826.0,38.538125,-121.346251,CORDOVA RECREATION & PARK DIST,,RANCHO CORDOVA,CA,95670.0,,,,2024.0,19730404.0,0.0,GOLF COURSE (PUBLIC),FAB00A,4028.0,GOLF COURSE,O (SM),40.0,AC,,,,,,,,,,,,,UNINCORPORATED COUNTY,617700308286439423,Tier 2: Zero Improvement
6503501000000,065-0350-100-0000,THIMBLEBERRY DR,SACRAMENTO,CA,95829.0,38.488111,-121.355691,SOUTHGATE RECREATION & PARK DISTRICT,,SACRAMENTO,CA,95823.0,,,,2024.0,,0.0,"MISC, UNUSABLE-SMALL",MSMALA,8009.0,"WASTE LAND, MARSH, SWAMP, SUBMERGED-VACANT LAND",RD-5,8494.0,SF,,,,,,,,,,,20190906.0,,UNINCORPORATED COUNTY,617700307809861631,Tier 2: Zero Improvement
6503500960000,065-0350-096-0000,WATERMAN RD,SACRAMENTO,CA,95829.0,38.487169,-121.355132,SOUTHGATE RECREATION & PARK DISTRICT,,SACRAMENTO,CA,95823.0,,,,2024.0,,0.0,"MISC, UNUSABLE-SMALL",MSMALA,8009.0,"WASTE LAND, MARSH, SWAMP, SUBMERGED-VACANT LAND",RD-5,11237.0,SF,,,,,,,,,,,20190906.0,,UNINCORPORATED COUNTY,617700307809599487,Tier 2: Zero Improvement
6503500970000,065-0350-097-0000,WATERMAN RD,SACRAMENTO,CA,95829.0,38.486376,-121.35557,SOUTHGATE RECREATION AND PARK DISTRICT,,SACRAMENTO,CA,95823.0,,,,2024.0,,0.0,"MISC, UNUSABLE-SMALL",MSMALA,8009.0,"WASTE LAND, MARSH, SWAMP, SUBMERGED-VACANT LAND",RD-5,2775.0,SF,,,,,,,,,,,20190906.0,,UNINCORPORATED COUNTY,617700307809599487,Tier 2: Zero Improvement
6502600240000,065-0260-024-0000,WATERMAN RD,SACRAMENTO,CA,95829.0,38.485786,-121.355768,SOUTHGATE RECREATION AND PARK DISTRICT,,SACRAMENTO,CA,95823.0,,,,2024.0,,0.0,"MISC, UNUSABLE-SMALL",MSMALA,8009.0,"WASTE LAND, MARSH, SWAMP, SUBMERGED-VACANT LAND",RD-5,3893.0,SF,,,,,,,,,,,20190906.0,,UNINCORPORATED COUNTY,617700307810910207,Tier 2: Zero Improvement
6502700220000,065-0270-022-0000,WATERMAN RD,SACRAMENTO,CA,95829.0,38.488461,-121.353544,SOUTHGATE RECREATION & PARK DISTRICT,,SACRAMENTO,CA,95823.0,,,,2024.0,,0.0,"MISC, UNUSABLE-SMALL",MSMALA,8009.0,"WASTE LAND, MARSH, SWAMP, SUBMERGED-VACANT LAND",RD-5 O,23256.0,SF,,,,,,,,,,,20190906.0,,UNINCORPORATED COUNTY,617700307810385919,Tier 2: Zero Improvement
6602600820000,066-0260-082-0000,BALLINGER DR,SACRAMENTO,CA,95829.0,38.488834,-121.335873,SOUTHGATE RECREATION & PARK DISTRICT,,SACRAMENTO,CA,95823.0,,,,2024.0,,0.0,"MISC, UNUSABLE-SMALL",MSMALA,8009.0,"WASTE LAND, MARSH, SWAMP, SUBMERGED-VACANT LAND",RD-7,4450.0,SF,,,,,,,,,,,20121128.0,,UNINCORPORATED COUNTY,617700307804618751,Tier 2: Zero Improvement
6602600810000,066-0260-081-0000,BRADSHAW RD,SACRAMENTO,CA,95829.0,38.487936,-121.33508,SOUTHGATE RECREATION & PARK DISTRICT,,SACRAMENTO,CA,95823.0,,,,2024.0,,0.0,"MISC, UNUSABLE-SMALL",MSMALA,8009.0,"WASTE LAND, MARSH, SWAMP, SUBMERGED-VACANT LAND",RD-7,12286.0,SF,,,,,,,,,,,20121128.0,,UNINCORPORATED COUNTY,617700307812483071,Tier 2: Zero Improvement
6602701080000,066-0270-108-0000,BRADSHAW RD,SACRAMENTO,CA,95829.0,38.486468,-121.335074,SOUTHGATE RECREATION & PARK DISTRICT,,SACRAMENTO,CA,95823.0,,,,2024.0,,0.0,"MISC, UNUSABLE-SMALL",MSMALA,8009.0,"WASTE LAND, MARSH, SWAMP, SUBMERGED-VACANT LAND",RD-7 RD-10,10900.0,SF,,,,,,,,,,,20121128.0,,UNINCORPORATED COUNTY,617700307812483071,Tier 2: Zero Improvement
6602701060000,066-0270-106-0000,ALDER CREEK DR,SACRAMENTO,CA,95829.0,38.485376,-121.33732,SOUTHGATE RECREATION & PARK DISTRICT,,SACRAMENTO,CA,95823.0,,,,2024.0,,0.0,"MISC, UNUSABLE-SMALL",MSMALA,8009.0,"WASTE LAND, MARSH, SWAMP, SUBMERGED-VACANT LAND",RD-10,3167.0,SF,,,,,,,,,,,20121128.0,,UNINCORPORATED COUNTY,617700307812483071,Tier 2: Zero Improvement
6602701070000,066-0270-107-0000,9687 ALDER CREEK DR,SACRAMENTO,CA,95829.0,38.485372,-121.336198,SOUTHGATE RECREATION & PARK DISTRICT,,SACRAMENTO,CA,95823.0,,,,2024.0,,0.0,"MISC, UNUSABLE-SMALL",MSMALA,8009.0,"WASTE LAND, MARSH, SWAMP, SUBMERGED-VACANT LAND",RD-10,3129.0,SF,,,,,,,,,,,20121128.0,,UNINCORPORATED COUNTY,617700307812483071,Tier 2: Zero Improvement
6602701160000,066-0270-116-0000,ALDER CREEK DR,SACRAMENTO,CA,95829.0,38.485375,-121.335599,SOUTHGATE RECREATION AND PARK DISTRICT,,SACRAMENTO,CA,95823.0,,,,2024.0,,0.0,"MISC, UNUSABLE-SMALL",MSMALA,8009.0,"WASTE LAND, MARSH, SWAMP, SUBMERGED-VACANT LAND",RD-10,1592.0,SF,,,,,,,,,,,,,UNINCORPORATED COUNTY,617700307812483071,Tier 2: Zero Improvement
6601000660000,066-0100-066-0000,EXCELSIOR RD,SACRAMENTO,CA,95829.0,38.49015,-121.300691,SOUTHGATE RECREATION & PARK DISTRICT,,SACRAMENTO,CA,95823.0,,,,2024.0,19870826.0,0.0,VACANT RESIDENTIAL,IAGAAA,8001.0,RESIDENTIAL-VACANT LAND,AG-20,32.869999,AC,,,,,,,,,,,,,UNINCORPORATED COUNTY,617700308163493887,Tier 1: Coded Vacant
2000880130000,020-0088-013-0000,4047 43RD ST,SACRAMENTO,CA,95820.0,38.537486,-121.456204,SOUTHGATE RECREATION & PARK DISTRICT,,SACRAMENTO,CA,95823.0,,,,2024.0,,0.0,VACANT RESIDENTIAL UNDER 2 AC,IAEDFA,8001.0,RESIDENTIAL-VACANT LAND,RD-5,7405.0,SF,,,,,,,,,,,20170123.0,284500.0,UNINCORPORATED COUNTY,617700320471678975,Tier 1: Coded Vacant
2600240080000,026-0024-008-0000,MENDOCINO BLVD,SACRAMENTO,CA,95824.0,38.524204,-121.461334,SOUTHGATE RECREATION & PARK DISTRICT,,SACRAMENTO,CA,95823.0,,,,2024.0,19910619.0,0.0,"MISC, UNUSABLE-SMALL",MSMALA,8009.0,"WASTE LAND, MARSH, SWAMP, SUBMERGED-VACANT LAND",RD-5,0.0,,,,,,,,,,,,,,UNINCORPORATED COUNTY,617700320422395903,Tier 2: Zero Improvement
27203000250000,272-0300-025-0000,5341 EL CAMINO AVE,CARMICHAEL,CA,95608.0,38.610283,-121.339474,CARMICHAEL RECREATION & PARK DISTRICT,,CARMICHAEL,CA,95608.0,,,,2024.0,19820317.0,0.0,RES/SINGLE FAMILY/NON-SUBDIVISION,A1B00B,1001.0,SINGLE FAMILY RESIDENTIAL,RD-10,19602.0,SF,1280.0,1940.0,1280.0,1,,3.0,,,,,,,UNINCORPORATED COUNTY,617700322591637503,Tier 2: Zero Improvement
12101200270000,121-0120-027-0000,CAYMUS DR,SACRAMENTO,CA,95829.0,38.459657,-121.362993,SOUTHGATE RECREATION & PARK DIST,,SACRAMENTO,CA,95823.0,,,,2024.0,20030703.0,0.0,VACANT RESIDENTIAL UNDER 2 AC,IAEAAE,8001.0,RESIDENTIAL-VACANT LAND,RD-4,34500.0,SF,,,,,,,,,,,20030703.0,,UNINCORPORATED COUNTY,617700308393656319,Tier 1: Coded Vacant
12111500450000,121-1150-045-0000,CALVINE RD,SACRAMENTO,CA,95829.0,38.452801,-121.364986,SOUTHGATE RECREATION AND PARK DISTRICT,,SACRAMENTO,CA,95823.0,,,,2024.0,,0.0,"MISC, UNUSABLE-SMALL",MSMALA,8009.0,"WASTE LAND, MARSH, SWAMP, SUBMERGED-VACANT LAND",RD-10,14902.0,SF,,,,,,,,,,,20191219.0,,UNINCORPORATED COUNTY,617700308387889151,Tier 2: Zero Improvement
12111500460000,121-1150-046-0000,9077 CALVINE RD,SACRAMENTO,CA,95829.0,38.45281,-121.363833,SOUTHGATE RECREATION AND PARK DISTRICT,,SACRAMENTO,CA,95823.0,,,,2024.0,,0.0,"MISC, UNUSABLE-SMALL",MSMALA,8009.0,"WASTE LAND, MARSH, SWAMP, SUBMERGED-VACANT LAND",RD-10,2166.0,SF,,,,,,,,,,,20191219.0,,UNINCORPORATED COUNTY,617700308387889151,Tier 2: Zero Improvement
12107100680000,121-0710-068-0000,DEDDINGTON WAY,SACRAMENTO,CA,95829.0,38.461325,-121.354279,SOUTHGATE RECREATIONAL & PARK DISTRICTS,,SACRAMENTO,CA,95823.0,,,,2024.0,,0.0,"MISC, UNUSABLE-SMALL",MSMALA,8009.0,"WASTE LAND, MARSH, SWAMP, SUBMERGED-VACANT LAND",RD-7,3700.0,SF,,,,,,,,,,,,,UNINCORPORATED COUNTY,617700307877756927,Tier 2: Zero Improvement
12104300160000,121-0430-016-0000,WATERMAN RD,SACRAMENTO,CA,95829.0,38.460176,-121.353628,SOUTHGATE RECREATION & PARK DISTRICT,,SACRAMENTO,CA,95823.0,,,,2024.0,20080321.0,0.0,VAC RETAIL UNDER 2 AC,IBEDFA,8002.0,COMMERCIAL-VACANT LAND,RD-20,9.7799997,AC,,,,,,,,,,,20080321.0,,UNINCORPORATED COUNTY,617700307877756927,Tier 1: Coded Vacant
12107100690000,121-0710-069-0000,WESTRAY DR,SACRAMENTO,CA,95829.0,38.460513,-121.354288,SOUTHGATE RECREATIONAL & PARK DISTRICTS,,SACRAMENTO,CA,95823.0,,,,2024.0,,0.0,"MISC, UNUSABLE-SMALL",MSMALA,8009.0,"WASTE LAND, MARSH, SWAMP, SUBMERGED-VACANT LAND",RD-7,3519.0,SF,,,,,,,,,,,,,UNINCORPORATED COUNTY,617700307877756927,Tier 2: Zero Improvement
12101100370000,121-0110-037-0000,LEMAS RD,SACRAMENTO,CA,95829.0,38.461949,-121.351641,SOUTHGATE RECREATION & PARK DISTRICT,,SACRAMENTO,CA,95823.0,,,,2024.0,19890519.0,0.0,VACANT RESIDENTIAL UNDER 2 AC,IAEAAA,8001.0,RESIDENTIAL-VACANT LAND,RD-20,1.45,AC,,,,,,,,,,,,,UNINCORPORATED COUNTY,617700307877756927,Tier 1: Coded Vacant
12109500580000,121-0950-058-0000,KINGSBRIDGE DR,SACRAMENTO,CA,95829.0,38.45472,-121.348777,SOUTHGATE RECREATION & PARK DISTRICT,,SACRAMENTO,CA,95823.0,,,,2024.0,20030407.0,0.0,"MISC, UNUSABLE-SMALL",MSMALA,8009.0,"WASTE LAND, MARSH, SWAMP, SUBMERGED-VACANT LAND",RD-5,1520.0,SF,,,,,,,,,,,,,UNINCORPORATED COUNTY,617700308372422655,Tier 2: Zero Improvement
12200500350000,122-0050-035-0000,9922 GERBER RD,SACRAMENTO,CA,95829.0,38.476704,-121.324985,SOUTHGATE RECREATION & PARK DISTRICT,,SACRAMENTO,CA,95823.0,,,,2024.0,20070606.0,0.0,VACANT RESIDENTIAL UNDER 2 AC,IAEEAB,8001.0,RESIDENTIAL-VACANT LAND,O,1.8099999,AC,,,,,,,,,,,,161500.0,UNINCORPORATED COUNTY,617700307911835647,Tier 1: Coded Vacant
12200600260000,122-0060-026-0000,7713 VINEYARD RD,SACRAMENTO,CA,95829.0,38.478117,-121.311932,SOUTHGATE RECREATION & PARK DISTRICT,,SACRAMENTO,CA,95823.0,,,,2024.0,19930719.0,0.0,GOLF COURSE (PUBLIC),FAB00A,4028.0,GOLF COURSE,AR-5,145.99001,AC,,,,,,,,,,,,,UNINCORPORATED COUNTY,617700307913146367,Tier 2: Zero Improvement
12200600250000,122-0060-025-0000,VINEYARD RD,SACRAMENTO,CA,95829.0,38.476181,-121.31544,SOUTHGATE RECREATION & PARK DISTRICT,,SACRAMENTO,CA,95823.0,,,,2024.0,19930719.0,0.0,GOLF COURSE (PUBLIC),FAB00A,4028.0,GOLF COURSE,AR-5,625.0,SF,,,,,,,,,,,,,UNINCORPORATED COUNTY,617700307912622079,Tier 2: Zero Improvement
12205700190000,122-0570-019-0000,WILDHAWK WEST DR,SACRAMENTO,CA,95829.0,38.473954,-121.31627,SOUTHGATE PARK & RECREATION DISTRICT,,SACRAMENTO,CA,95823.0,,,,2024.0,20021212.0,0.0,"MISC, UNUSABLE-SMALL",MSMALA,8009.0,"WASTE LAND, MARSH, SWAMP, SUBMERGED-VACANT LAND",RD-5,25932.0,SF,,,,,,,,,,,,,UNINCORPORATED COUNTY,617700307908689919,Tier 2: Zero Improvement
12206100400000,122-0610-040-0000,FAZIO DR,SACRAMENTO,CA,95829.0,38.471883,-121.318113,SOUTHGATE PARK & RECREATION DISTRICT,,SACRAMENTO,CA,95823.0,,,,2024.0,20021212.0,0.0,"MISC, UNUSABLE-SMALL",MSMALA,8009.0,"WASTE LAND, MARSH, SWAMP, SUBMERGED-VACANT LAND",RD-5,33602.0,SF,,,,,,,,,,,,,UNINCORPORATED COUNTY,617700307908689919,Tier 2: Zero Improvement
12205700180000,122-0570-018-0000,MISSION HILLS DR,SACRAMENTO,CA,95829.0,38.474274,-121.316253,SOUTHGATE PARK & RECREATION DISTRICT,,SACRAMENTO,CA,95823.0,,,,2024.0,20021212.0,0.0,"MISC, UNUSABLE-SMALL",MSMALA,8009.0,"WASTE LAND, MARSH, SWAMP, SUBMERGED-VACANT LAND",RD-5,2629.0,SF,,,,,,,,,,,,,UNINCORPORATED COUNTY,617700307908689919,Tier 2: Zero Improvement
12201300140000,122-0130-014-0000,CARMENCITA AVE,SACRAMENTO,CA,95829.0,38.466722,-121.325978,SOUTHGATE RECREATION AND PARK DISTRICT,,SACRAMENTO,CA,95823.0,,,,2024.0,,0.0,VACANT RES (2-5 AC SITE),IAFEAA,8001.0,RESIDENTIAL-VACANT LAND,AR-10,2.5599999,AC,,,,,,,,,,,20220104.0,,UNINCORPORATED COUNTY,617700308624080895,Tier 1: Coded Vacant
12201300210000,122-0130-021-0000,CARMENCITA AVE,SACRAMENTO,CA,95829.0,38.465348,-121.327199,SOUTHGATE RECREATION & PARK DISTRICT,,SACRAMENTO,CA,95823.0,,,,2024.0,,0.0,VACANT RES (10-49 ACRES),IABAAA,8001.0,RESIDENTIAL-VACANT LAND,AR-10,0.0,,,,,,,,,,,,,,UNINCORPORATED COUNTY,617700308623556607,Tier 1: Coded Vacant
12201300160000,122-0130-016-0000,CARMENCITA AVE,SACRAMENTO,CA,95829.0,38.465464,-121.329911,SOUTHGATE RECREATION AND PARK DISTRICT,,SACRAMENTO,CA,95823.0,,,,2024.0,,0.0,"MISC, UNUSABLE-SMALL",MSMALA,8009.0,"WASTE LAND, MARSH, SWAMP, SUBMERGED-VACANT LAND",AR-10,0.0,,,,,,,,,,,,,,UNINCORPORATED COUNTY,617700307871465471,Tier 2: Zero Improvement
12201200530000,122-0120-053-0000,VINEYARD RD,SACRAMENTO,CA,95829.0,38.464746,-121.324918,SOUTHGATE RECREATION & PARK DISTRICT,,SACRAMENTO,CA,95823.0,,,,2024.0,,0.0,VACANT RES (2-5 AC SITE),IAFEAA,8001.0,RESIDENTIAL-VACANT LAND,AG-20,0.0,,,,,,,,,,,,,,UNINCORPORATED COUNTY,617700308623294463,Tier 1: Coded Vacant
12201200520000,122-0120-052-0000,VINEYARD RD,SACRAMENTO,CA,95829.0,38.465723,-121.325096,SOUTHGATE RECREATION & PARK DISTRICT,,SACRAMENTO,CA,95823.0,,,,2024.0,,0.0,VACANT RESIDENTIAL UNDER 2 AC,IAEEAA,8001.0,RESIDENTIAL-VACANT LAND,AG-20,0.0,,,,,,,,,,,,,,UNINCORPORATED COUNTY,617700308624080895,Tier 1: Coded Vacant
12206200370000,122-0620-037-0000,DESERT DUNES CT,SACRAMENTO,CA,95829.0,38.46943,-121.316271,SOUTHGATE PARK & RECREATION DISTRICT,,SACRAMENTO,CA,95823.0,,,,2024.0,20021212.0,0.0,"MISC, UNUSABLE-SMALL",MSMALA,8009.0,"WASTE LAND, MARSH, SWAMP, SUBMERGED-VACANT LAND",RD-5,7500.0,SF,,,,,,,,,,,,,UNINCORPORATED COUNTY,617700307909738495,Tier 2: Zero Improvement
12206200360000,122-0620-036-0000,DESERT DUNES CT,SACRAMENTO,CA,95829.0,38.468555,-121.316271,SOUTHGATE PARK & RECREATION DISTRICT,,SACRAMENTO,CA,95823.0,,,,2024.0,20021212.0,0.0,"MISC, UNUSABLE-SMALL",MSMALA,8009.0,"WASTE LAND, MARSH, SWAMP, SUBMERGED-VACANT LAND",RD-5,7602.0,SF,,,,,,,,,,,,,UNINCORPORATED COUNTY,617700308628275199,Tier 2: Zero Improvement
12208100430000,122-0810-043-0000,8050 VINEYARD RD,SACRAMENTO,CA,95829.0,38.466535,-121.316163,SOUTHGATE RECREATION & PARK DISTRICT,,SACRAMENTO,CA,95823.0,,,,2024.0,,0.0,"MISC, UNUSABLE-SMALL",MSMALA,8009.0,"WASTE LAND, MARSH, SWAMP, SUBMERGED-VACANT LAND",RD-4,8621.0,SF,,,,,,,,,,,20180105.0,1650000.0,UNINCORPORATED COUNTY,617700308627750911,Tier 2: Zero Improvement
12208100420000,122-0810-042-0000,VINEYARD RD,SACRAMENTO,CA,95829.0,38.467412,-121.316163,SOUTHGATE RECREATION & PARK DISTRICT,,SACRAMENTO,CA,95823.0,,,,2024.0,,0.0,"MISC, UNUSABLE-SMALL",MSMALA,8009.0,"WASTE LAND, MARSH, SWAMP, SUBMERGED-VACANT LAND",RD-4,2691.0,SF,,,,,,,,,,,20180105.0,,UNINCORPORATED COUNTY,617700308627750911,Tier 2: Zero Improvement
12201200540000,122-0120-054-0000,9845 WILDHAWK WEST DR,SACRAMENTO,CA,95829.0,38.465608,-121.32252,SOUTHGATE RECREATION & PARK DISTRICT,,SACRAMENTO,CA,95823.0,,,,2024.0,,0.0,"VACANT RESIDENTIAL, 10-49 AC",IABCAA,8001.0,RESIDENTIAL-VACANT LAND,RD-5 RD-4,0.0,,,,,,,,,,,,,,UNINCORPORATED COUNTY,617700308623818751,Tier 1: Coded Vacant
12203500210000,122-0350-021-0000,VINEYARD RD,SACRAMENTO,CA,95829.0,38.463315,-121.316177,SOUTHGATE RECREATION & PARK DISTRICT,,SACRAMENTO,CA,95823.0,,,,2024.0,19900718.0,0.0,"MISC, UNUSABLE-SMALL",MSMALA,8009.0,"WASTE LAND, MARSH, SWAMP, SUBMERGED-VACANT LAND",AR-1,6988.0,SF,,,,,,,,,,,,,UNINCORPORATED COUNTY,617700308628799487,Tier 2: Zero Improvement
12204300720000,122-0430-072-0000,VINEYARD RD,SACRAMENTO,CA,95829.0,38.465268,-121.315876,SOUTHGATE RECREATION & PARK DISTRICT,,SACRAMENTO,CA,95823.0,,,,2024.0,20020814.0,0.0,"MISC, UNUSABLE-SMALL",MSMALA,8009.0,"WASTE LAND, MARSH, SWAMP, SUBMERGED-VACANT LAND",AR-1,3935.0,SF,,,,,,,,,,,20020814.0,,UNINCORPORATED COUNTY,617700308627488767,Tier 2: Zero Improvement
12206600340000,122-0660-034-0000,TIGERWOODS DR,SACRAMENTO,CA,95829.0,38.472031,-121.310817,SOUTHGATE RECREATION & PARK DISTRICT,,SACRAMENTO,CA,95823.0,,,,2024.0,20020924.0,0.0,"MISC, UNUSABLE-SMALL",MSMALA,8009.0,"WASTE LAND, MARSH, SWAMP, SUBMERGED-VACANT LAND",RD-4,1715.0,SF,,,,,,,,,,,,,UNINCORPORATED COUNTY,617700307913408511,Tier 2: Zero Improvement
12206600350000,122-0660-035-0000,SORENSTAM DR,SACRAMENTO,CA,95829.0,38.472029,-121.310386,SOUTHGATE RECREATION & PARK DISTRICT,,SACRAMENTO,CA,95823.0,,,,2024.0,20020924.0,0.0,"MISC, UNUSABLE-SMALL",MSMALA,8009.0,"WASTE LAND, MARSH, SWAMP, SUBMERGED-VACANT LAND",RD-2 RD-4,7362.0,SF,,,,,,,,,,,,,UNINCORPORATED COUNTY,617700307913408511,Tier 2: Zero Improvement
12201100180000,122-0110-018-0000,SADDLE CREEK DR,SACRAMENTO,CA,95829.0,38.467104,-121.301298,SOUTHGATE RECREATION & PARK DISTRICT,,SACRAMENTO,CA,95823.0,,,,2024.0,19921030.0,0.0,VACANT RES (50-100 ACRES),IACAAA,8001.0,RESIDENTIAL-VACANT LAND,AR-1,75.339996,AC,,,,,,,,,,,,,UNINCORPORATED COUNTY,617700308666810367,Tier 1: Coded Vacant
12201500810000,122-0150-081-0000,ELSIE IDA WAY,SACRAMENTO,CA,95829.0,38.455799,-121.325598,SOUTHGATE REC & PARK DIST,,SACRAMENTO,CA,95823.0,,,,2024.0,20100114.0,0.0,VACANT RESIDENTIAL UNDER 2 AC,IAEAAE,8001.0,RESIDENTIAL-VACANT LAND,RD-4,6358.0,SF,,,,,,,,,,,,,UNINCORPORATED COUNTY,617700308632207359,Tier 1: Coded Vacant
12207100640000,122-0710-064-0000,9926 OBSIDIAN WAY,SACRAMENTO,CA,95829.0,38.456397,-121.324717,SOUTHGATE RECREATION & PARK DISTRICT,,SACRAMENTO,CA,95823.0,,,,2024.0,20070213.0,0.0,VACANT RES (2-5 AC SITE),IAFAAE,8001.0,RESIDENTIAL-VACANT LAND,O,3.1500001,AC,,,,,,,,,,,20070213.0,,UNINCORPORATED COUNTY,617700308632207359,Tier 1: Coded Vacant
12203300020000,122-0330-002-0000,SAVONA DR,SACRAMENTO,CA,95829.0,38.458829,-121.315865,SOUTHGATE RECREATION & PARK DISTRICT,,SACRAMENTO,CA,95823.0,,,,2024.0,19891206.0,0.0,"MISC, UNUSABLE-SMALL",MSMALA,8009.0,"WASTE LAND, MARSH, SWAMP, SUBMERGED-VACANT LAND",AR-1,28000.0,SF,,,,,,,,,,,,,UNINCORPORATED COUNTY,617700308621197311,Tier 2: Zero Improvement
12203500220000,122-0350-022-0000,VINEYARD RD,SACRAMENTO,CA,95829.0,38.462161,-121.316188,SOUTHGATE RECREATION & PARK DISTRICT,,SACRAMENTO,CA,95823.0,,,,2024.0,19900718.0,0.0,"MISC, UNUSABLE-SMALL",MSMALA,8009.0,"WASTE LAND, MARSH, SWAMP, SUBMERGED-VACANT LAND",AR-1,6792.0,SF,,,,,,,,,,,,,UNINCORPORATED COUNTY,617700308621983743,Tier 2: Zero Improvement
12203300010000,122-0330-001-0000,SAVONA DR,SACRAMENTO,CA,95829.0,38.461561,-121.315873,SOUTHGATE RECREATION & PARK DISTRICT,,SACRAMENTO,CA,95823.0,,,,2024.0,19891206.0,0.0,"MISC, UNUSABLE-SMALL",MSMALA,8009.0,"WASTE LAND, MARSH, SWAMP, SUBMERGED-VACANT LAND",AR-1,8258.0,SF,,,,,,,,,,,,,UNINCORPORATED COUNTY,617700308621983743,Tier 2: Zero Improvement
12203700280000,122-0370-028-0000,VINEYARD RD,SACRAMENTO,CA,95829.0,38.46071,-121.316246,SOUTHGATE RECREATION & PARK DISTRICT,,SACRAMENTO,CA,95823.0,,,,2024.0,19980713.0,0.0,"MISC, UNUSABLE-SMALL",MSMALA,8009.0,"WASTE LAND, MARSH, SWAMP, SUBMERGED-VACANT LAND",RD-3,1264.0,SF,,,,,,,,,,,,,UNINCORPORATED COUNTY,617700308621983743,Tier 2: Zero Improvement
12205400510000,122-0540-051-0000,CRISTO DR,SACRAMENTO,CA,95829.0,38.458182,-121.316233,SOUTHGATE PARK & RECREATION DISTRICT,,SACRAMENTO,CA,95823.0,,,,2024.0,20020919.0,0.0,"MISC, UNUSABLE-SMALL",MSMALA,8009.0,"WASTE LAND, MARSH, SWAMP, SUBMERGED-VACANT LAND",RD-4,2415.0,SF,,,,,,,,,,,,,UNINCORPORATED COUNTY,617700308621197311,Tier 2: Zero Improvement
12205400520000,122-0540-052-0000,CRISTO DR,SACRAMENTO,CA,95833.0,38.458673,-121.316228,SOUTHGATE PARK & RECREATION DISTRICT,,SACRAMENTO,CA,95823.0,,,,2024.0,20020919.0,0.0,"MISC, UNUSABLE-SMALL",MSMALA,8009.0,"WASTE LAND, MARSH, SWAMP, SUBMERGED-VACANT LAND",RD-4,2255.0,SF,,,,,,,,,,,,,UNINCORPORATED COUNTY,617700308621197311,Tier 2: Zero Improvement
12203200520000,122-0320-052-0000,CALVINE RD,SACRAMENTO,CA,95829.0,38.45286,-121.306935,SOUTHGATE RECREATION & PARK DISTRICT,,SACRAMENTO,CA,95823.0,,,,2024.0,19890519.0,0.0,"MISC, UNUSABLE-SMALL",MSMALA,8009.0,"WASTE LAND, MARSH, SWAMP, SUBMERGED-VACANT LAND",AR-1,32912.0,SF,,,,,,,,,,,,,UNINCORPORATED COUNTY,617700308634304511,Tier 2: Zero Improvement
12203200530000,122-0320-053-0000,CALVINE RD,SACRAMENTO,CA,95829.0,38.45287,-121.304145,SOUTHGATE RECREATION & PARK DISTRICT,,SACRAMENTO,CA,95823.0,,,,2024.0,19890519.0,0.0,"MISC, UNUSABLE-SMALL",MSMALA,8009.0,"WASTE LAND, MARSH, SWAMP, SUBMERGED-VACANT LAND",AR-1,8862.0,SF,,,,,,,,,,,,,UNINCORPORATED COUNTY,617700308634304511,Tier 2: Zero Improvement
12204500220000,122-0450-022-0000,POLO CROSSE AVE,SACRAMENTO,CA,95829.0,38.452862,-121.301389,SOUTHGATE RECREATION & PARK DISTRICT,,SACRAMENTO,CA,95823.0,,,,2024.0,20020814.0,0.0,"MISC, UNUSABLE-SMALL",MSMALA,8009.0,"WASTE LAND, MARSH, SWAMP, SUBMERGED-VACANT LAND",AR-1,2168.0,SF,,,,,,,,,,,20020814.0,,UNINCORPORATED COUNTY,617700308607827967,Tier 2: Zero Improvement
12204100140000,122-0410-014-0000,POLO CROSSE AVE,SACRAMENTO,CA,95829.0,38.452895,-121.301826,SOUTHGATE RECREATION & PARK DISTRICT,,SACRAMENTO,CA,95823.0,,,,2024.0,20020826.0,0.0,"MISC, UNUSABLE-SMALL",MSMALA,8009.0,"WASTE LAND, MARSH, SWAMP, SUBMERGED-VACANT LAND",AR-1,263.0,SF,,,,,,,,,,,,,UNINCORPORATED COUNTY,617700308607827967,Tier 2: Zero Improvement
3703210060000,037-0321-006-0000,6121 MARTIN LUTHER KING JR BLVD,SACRAMENTO,CA,95824.0,38.515388,-121.463838,SOUTHGATE RECREATION & PARK DISTRICT,,SACRAMENTO,CA,95823.0,,,,2024.0,,0.0,VACANT RES (2-5 AC SITE),IAFBFE,8001.0,RESIDENTIAL-VACANT LAND,RD-20,2.1700001,AC,,,,,,,,,,,,,UNINCORPORATED COUNTY,617700320416104447,Tier 1: Coded Vacant
23501000090000,235-0100-009-0000,SNIPES BLVD,ORANGEVALE,CA,95662.0,38.669452,-121.197315,ORANGEVALE RECREATION & PARK DISTRICT,,ORANGEVALE,CA,95662.0,,,,2024.0,19851127.0,0.0,VACANT RECREATIONAL UNDER 2 AC,IFEBAB,8010.0,RECREATIONAL-VACANT LAND,O (PC),42438.0,SF,,,,,,,,,,,,,UNINCORPORATED COUNTY,617700278285107199,Tier 1: Coded Vacant
22302900310000,223-0290-031-0000,MORNINGLO LN,ORANGEVALE,CA,95662.0,38.670167,-121.195726,CA DEPT OF PARKS & RECREATION,,ORANGEVALE,CA,95662.0,384.0,,384.0,2024.0,20040203.0,0.0,"MISC, UNUSABLE-SMALL",MSMALA,8009.0,"WASTE LAND, MARSH, SWAMP, SUBMERGED-VACANT LAND",O (PC),1450.0,SF,,,,,,,,,,,,,UNINCORPORATED COUNTY,617700278283796479,Tier 2: Zero Improvement
23501000150000,235-0100-015-0000,SNIPES BLVD,ORANGEVALE,CA,95662.0,38.669369,-121.19626,ORANGEVALE RECREATION & PARK DISTRICT,,ORANGEVALE,CA,95662.0,,,,2024.0,19851127.0,0.0,VAC RECREATION UNDER 2 AC,IFEAAB,8010.0,RECREATIONAL-VACANT LAND,O (PC),43226.0,SF,,,,,,,,,,,,,UNINCORPORATED COUNTY,617700278284845055,Tier 1: Coded Vacant
23501000140000,235-0100-014-0000,5624 SNIPES BLVD,ORANGEVALE,CA,95662.0,38.668824,-121.196247,ORANGEVALE RECREATION & PARK DISTRICT,,ORANGEVALE,CA,95662.0,,,,2024.0,19851127.0,0.0,VAC RECREATION UNDER 2 AC,IFEAAB,8010.0,RECREATIONAL-VACANT LAND,O (PC),1.1,AC,,,,,,,,,,,,,UNINCORPORATED COUNTY,617700278284845055,Tier 1: Coded Vacant
22302900290000,223-0290-029-0000,MORNINGLO LN,ORANGEVALE,CA,95662.0,38.66869,-121.1939,CA DEPT OF PARKS & RECREATION,,SACRAMENTO,CA,95814.0,,,,2024.0,20040203.0,0.0,VACANT RES (10-49 ACRES),IABBFE,8001.0,RESIDENTIAL-VACANT LAND,O (PC),12.34,AC,,,,,,,,,,,,,UNINCORPORATED COUNTY,617700278284845055,Tier 1: Coded Vacant
4003200400000,040-0320-040-0000,OSMANTHUS PL,SACRAMENTO,CA,95828.0,38.504286,-121.427626,SOUTHGATE RECREATION & PARK DISTRICT,,SACRAMENTO,CA,95823.0,,,,2024.0,,0.0,"MISC, UNUSABLE-SMALL",MSMALA,8009.0,"WASTE LAND, MARSH, SWAMP, SUBMERGED-VACANT LAND",RD-10,0.0,,,,,,,,,,,,,,UNINCORPORATED COUNTY,617700308523417599,Tier 2: Zero Improvement
4003200390000,040-0320-039-0000,OSMANTHUS PL,SACRAMENTO,CA,95828.0,38.50354,-121.427794,SOUTHGATE RECREATION & PARK DISTRICT,,SACRAMENTO,CA,95823.0,,,,2024.0,,0.0,"MISC, UNUSABLE-SMALL",MSMALA,8009.0,"WASTE LAND, MARSH, SWAMP, SUBMERGED-VACANT LAND",RD-10,0.0,,,,,,,,,,,,20201103.0,,UNINCORPORATED COUNTY,617700308523417599,Tier 2: Zero Improvement
5003010060000,050-0301-006-0000,66TH AVE,SACRAMENTO,CA,95823.0,38.48993,-121.43528,SOUTHGATE RECREATION & PARK DISTRICT,,SACRAMENTO,CA,95823.0,,,,2024.0,19810701.0,0.0,VACANT RESIDENTIAL UNDER 2 AC,IAEAAA,8001.0,RESIDENTIAL-VACANT LAND,RD-5 (NPA),2.5,AC,,,,,,,,,,,,,UNINCORPORATED COUNTY,617700308494843903,Tier 1: Coded Vacant
5003310030000,050-0331-003-0000,6130 ORANGE AVE,SACRAMENTO,CA,95823.0,38.487849,-121.431469,SOUTHGATE RECREATION & PARK DISTRICT,,SACRAMENTO,CA,95823.0,,,,2024.0,,0.0,VACANT RES (2-5 AC SITE),IAFBFA,8001.0,RESIDENTIAL-VACANT LAND,RD-5,871.0,SF,,,,,,,,,,,20170123.0,780000.0,UNINCORPORATED COUNTY,617700308491960319,Tier 1: Coded Vacant
4302300200000,043-0230-020-0000,MCCURDY LN,SACRAMENTO,CA,95828.0,38.498875,-121.40291,SOUTHGATE RECREATION & PARK DISTRICT,,SACRAMENTO,CA,95823.0,,,,2024.0,,0.0,VAC INDUSTRIAL 10-49 ACRE,IGBAFA,8003.0,INDUSTRIAL-VACANT LAND,SPA,10.33,AC,,,,,,,,,,,20171122.0,,UNINCORPORATED COUNTY,617700308525252607,Tier 1: Coded Vacant
4302300230000,043-0230-023-0000,FLORIN RD,SACRAMENTO,CA,95828.0,38.49729,-121.400575,SOUTHGATE RECREATION & PARK DISTRICT,,SACRAMENTO,CA,95823.0,,,,2024.0,,0.0,VACANT INDUSTRIAL 2-5 AC,IGFAFA,8003.0,INDUSTRIAL-VACANT LAND,SPA,2.1099999,AC,,,,,,,,,,,20171122.0,,UNINCORPORATED COUNTY,617700308010139647,Tier 1: Coded Vacant
6400500200000,064-0050-020-0000,7118 MCCOMBER ST,SACRAMENTO,CA,95828.0,38.497202,-121.396537,SOUTHGATE RECREATION & PARK DISTRICT,,SACRAMENTO,CA,95823.0,,,,2024.0,,0.0,VAC INDUSTRIAL UNDER 2AC,IGEAEA,8003.0,INDUSTRIAL-VACANT LAND,SPA,2981.0,SF,,,,,,,,,,,20170123.0,,UNINCORPORATED COUNTY,617700308009877503,Tier 1: Coded Vacant
6400500120000,064-0050-012-0000,7118 MCCOMBER ST,SACRAMENTO,CA,95828.0,38.497119,-121.396525,SOUTHGATE RECREATION & PARK DISTRICT,,SACRAMENTO,CA,95823.0,,,,2024.0,,0.0,VAC INDUSTRIAL UNDER 2AC,IGEAEA,8003.0,INDUSTRIAL-VACANT LAND,SPA,14571.0,SF,,,,,,,,,,,20170123.0,,UNINCORPORATED COUNTY,617700308009877503,Tier 1: Coded Vacant
6400400280000,064-0040-028-0000,FLORIN RD,SACRAMENTO,CA,95828.0,38.497391,-121.394082,SOUTHGATE RECREATION & PARK DISTRICT,,SACRAMENTO,CA,95823.0,,,,2024.0,19810303.0,0.0,VACANT RETAIL 5+ ACRES,IBGAAA,8002.0,COMMERCIAL-VACANT LAND,SPA,6.0799999,AC,,,,,,,,,,,,,UNINCORPORATED COUNTY,617700308010401791,Tier 1: Coded Vacant
5105600500000,051-0560-050-0000,GERBER RD,SACRAMENTO,CA,95828.0,38.481803,-121.404183,SOUTHGATE RECREATION & PARK DISTRICT,,SACRAMENTO,CA,95823.0,,,,2024.0,19880608.0,0.0,"MISC, UNUSABLE-SMALL",MSMALA,8009.0,"WASTE LAND, MARSH, SWAMP, SUBMERGED-VACANT LAND",RD-5,1011.0,SF,,,,,,,,,,,,,UNINCORPORATED COUNTY,617700308514242559,Tier 2: Zero Improvement
6400500090000,064-0050-009-0000,8377 FLORIN RD,SACRAMENTO,CA,95828.0,38.496344,-121.39625,SOUTHGATE RECREATION & PARK DISTRICT,,SACRAMENTO,CA,95823.0,,,,2024.0,20080929.0,0.0,VAC INDUSTRIAL UNDER 2AC,IGEBFA,8003.0,INDUSTRIAL-VACANT LAND,SPA,17190.0,SF,,,,,,,,,,,20080929.0,,UNINCORPORATED COUNTY,617700308009877503,Tier 1: Coded Vacant
6500410750000,065-0041-075-0000,FLETCHER FARM DR,SACRAMENTO,CA,95828.0,38.493822,-121.381951,SOUTHGATE RECREATION & PARK DISTRICT,,SACRAMENTO,CA,95823.0,,,,2024.0,19981019.0,0.0,VACANT RESIDENTIAL UNDER 2 AC,IAEDFA,8001.0,RESIDENTIAL-VACANT LAND,RD-5,28394.0,SF,,,,,,,,,,,,,UNINCORPORATED COUNTY,617700307827687423,Tier 1: Coded Vacant
6802600370000,068-0260-037-0000,3224 HUNTSMAN DR,SACRAMENTO,CA,95826.0,38.557818,-121.352237,CORDOVA RECREATION & PARK DISTRICT,,RANCHO CORDOVA,CA,95670.0,,,,2024.0,19821022.0,0.0,VACANT RESIDENTIAL UNDER 2 AC,IAEDFA,8001.0,RESIDENTIAL-VACANT LAND,O,33106.0,SF,,,,,,,,,,,,,UNINCORPORATED COUNTY,617700308221689855,Tier 1: Coded Vacant
6802900450000,068-0290-045-0000,HUNTSMAN DR,SACRAMENTO,CA,95826.0,38.558109,-121.351612,CORDOVA RECREATION & PARK DISTRICT,,RANCHO CORDOVA,CA,95670.0,,,,2024.0,19801229.0,0.0,VACANT RESIDENTIAL UNDER 2 AC,IAEDFA,8001.0,RESIDENTIAL-VACANT LAND,O,1.05,AC,,,,,,,,,,,,,UNINCORPORATED COUNTY,617700308218806271,Tier 1: Coded Vacant
7703100590000,077-0310-059-0000,3300 GLENMOOR DR,SACRAMENTO,CA,95827.0,38.572366,-121.31427,CORDOVA RECREATION & PARK DISTRICT,,RANCHO CORDOVA,CA,95670.0,,,,2024.0,19830103.0,0.0,VACANT RESIDENTIAL UNDER 2 AC,IAEBEA,8001.0,RESIDENTIAL-VACANT LAND,RD 5,2.1300001,AC,,,,,,,,,,,,,UNINCORPORATED COUNTY,617700308256555007,Tier 1: Coded Vacant
7700500770000,077-0050-077-0000,3755 SCHRIEVER AVE,MATHER,CA,95655.0,38.571656,-121.301235,CORDOVA RECREATION & PARK DISTRICT,,RANCHO CORDOVA,CA,95670.0,,,,2024.0,19940915.0,0.0,PRIVATE CLUB,FH000A,4007.0,"CLUBS, LODGES, PROFESSIONAL ASSOCIATIONS",SPA (MFSPA,25.129999,AC,,,,,,,,,,,,,UNINCORPORATED COUNTY,617700322639609855,Tier 2: Zero Improvement
7700500780000,077-0050-078-0000,3700 SCHRIEVER AVE,MATHER,CA,95655.0,38.571225,-121.303237,CORDOVA RECREATION & PARK DIST,,RANCHO CORDOVA,CA,95670.0,,,,2024.0,20080228.0,0.0,PRIVATE CLUB,FH000A,4007.0,"CLUBS, LODGES, PROFESSIONAL ASSOCIATIONS",SPA (MFSPA,2.47,AC,,,,,,,,,,,20080228.0,,UNINCORPORATED COUNTY,617700322639871999,Tier 2: Zero Improvement
7700500790000,077-0050-079-0000,OLD PLACERVLE RD,MATHER,CA,95655.0,38.570396,-121.303209,CORDOVA RECREATION AND PARK DISTRICT,,RANCHO CORDOVA,CA,95670.0,,,,2024.0,20111107.0,0.0,PARKING LOT,BFH00A,2036.0,PARKING LOT,SPA (MFSPA,4298.0,SF,,,,,,,,,,,20111107.0,,UNINCORPORATED COUNTY,617700322639609855,Tier 2: Zero Improvement
7700500860000,077-0050-086-0000,3700 SCHRIEVER AVE,MATHER,CA,95655.0,38.570123,-121.302279,CORDOVA RECREATION & PARK DISTRICT,,RANCHO CORDOVA,CA,95670.0,,,,2024.0,20061026.0,0.0,PRIVATE CLUB,FH000A,4007.0,"CLUBS, LODGES, PROFESSIONAL ASSOCIATIONS",SPA (MFSPA,4.4099998,AC,,,,,,,,,,,,,UNINCORPORATED COUNTY,617700322639609855,Tier 2: Zero Improvement
22406200010000,224-0620-001-0000,WACHTEL WAY,CITRUS HEIGHTS,CA,95610.0,38.707921,-121.246303,SUNRISE RECREATION & PARK DISTRICT,,CITRUS HEIGHTS,CA,95610.0,,,,2024.0,19790904.0,0.0,"MISC, UNUSABLE-SMALL",MSMALA,8009.0,"WASTE LAND, MARSH, SWAMP, SUBMERGED-VACANT LAND",O RD5,2.4100001,AC,,,,,,,,,,,,,UNINCORPORATED COUNTY,617700278419062783,Tier 2: Zero Improvement
11517000410000,115-1700-041-0000,TIOGAWOODS DR,SACRAMENTO,CA,95828.0,38.477481,-121.372822,SOUTHGATE RECREATION & PARK DISTRICT,,SACRAMENTO,CA,95823.0,,,,2024.0,20021205.0,0.0,"MISC, UNUSABLE-SMALL",MSMALA,8009.0,"WASTE LAND, MARSH, SWAMP, SUBMERGED-VACANT LAND",RD-7,4560.0,SF,,,,,,,,,,,,,UNINCORPORATED COUNTY,617700307883261951,Tier 2: Zero Improvement
11500400740000,115-0040-074-0000,ELK GROVE FLORIN RD,SACRAMENTO,CA,95829.0,38.477791,-121.372091,SOUTHGATE RECREATION & PARK DISTRICT,,SACRAMENTO,CA,95823.0,,,,2024.0,20021205.0,0.0,"MISC, UNUSABLE-SMALL",MSMALA,8009.0,"WASTE LAND, MARSH, SWAMP, SUBMERGED-VACANT LAND",RD-7,4055.0,SF,,,,,,,,,,,,,UNINCORPORATED COUNTY,617700307883261951,Tier 2: Zero Improvement
11517101120000,115-1710-112-0000,ELK GROVE FLORIN RD,SACRAMENTO,CA,95828.0,38.475408,-121.37211,SOUTHGATE RECREATION & PARK DISTRICT,,SACRAMENTO,CA,95823.0,,,,2024.0,20021205.0,0.0,"MISC, UNUSABLE-SMALL",MSMALA,8009.0,"WASTE LAND, MARSH, SWAMP, SUBMERGED-VACANT LAND",RD-7 RD-5,11599.0,SF,,,,,,,,,,,,,UNINCORPORATED COUNTY,617700307884310527,Tier 2: Zero Improvement
11517000420000,115-1700-042-0000,TIOGAWOODS DR,SACRAMENTO,CA,95828.0,38.477289,-121.372814,SOUTHGATE RECREATION & PARK DISTRICT,,SACRAMENTO,CA,95823.0,,,,2024.0,20021205.0,0.0,"MISC, UNUSABLE-SMALL",MSMALA,8009.0,"WASTE LAND, MARSH, SWAMP, SUBMERGED-VACANT LAND",RD-5,4052.0,SF,,,,,,,,,,,,,UNINCORPORATED COUNTY,617700307883261951,Tier 2: Zero Improvement
11517000430000,115-1700-043-0000,TIOGAWOODS DR,SACRAMENTO,CA,95828.0,38.477283,-121.372338,SOUTHGATE RECREATION & PARK DISTRICT,,SACRAMENTO,CA,95823.0,,,,2024.0,20021205.0,0.0,"MISC, UNUSABLE-SMALL",MSMALA,8009.0,"WASTE LAND, MARSH, SWAMP, SUBMERGED-VACANT LAND",RD-5,3119.0,SF,,,,,,,,,,,,,UNINCORPORATED COUNTY,617700307883261951,Tier 2: Zero Improvement
11506101100000,115-0610-110-0000,ELK GROVE FLORIN RD,SACRAMENTO,CA,95828.0,38.4681,-121.372056,SOUTHGATE RECREATION & PARK DISTRICT,,SACRAMENTO,CA,95823.0,,,,2024.0,19910321.0,0.0,"MISC, UNUSABLE-SMALL",MSMALA,8009.0,"WASTE LAND, MARSH, SWAMP, SUBMERGED-VACANT LAND",RD-7 RD-2,19602.0,SF,,,,,,,,,,,,,UNINCORPORATED COUNTY,617700307891388415,Tier 2: Zero Improvement
12102900880000,121-0290-088-0000,VINTAGE PARK DR,SACRAMENTO,CA,95829.0,38.465442,-121.368313,SOUTHGATE RECREATION & PARK DISTRICT,,SACRAMENTO,CA,95823.0,,,,2024.0,19890209.0,0.0,VACANT RESIDENTIAL UNDER 2 AC,IAEAAA,8001.0,RESIDENTIAL-VACANT LAND,RD-5,6895.0,SF,,,,,,,,,,,,,UNINCORPORATED COUNTY,617700307892961279,Tier 1: Coded Vacant
12103200670000,121-0320-067-0000,VINTAGE PARK DR,SACRAMENTO,CA,95829.0,38.464808,-121.364735,SOUTHGATE RECREATION & PARK DISTRICT,,SACRAMENTO,CA,95823.0,,,,2024.0,19890209.0,0.0,"MISC, UNUSABLE-SMALL",MSMALA,8009.0,"WASTE LAND, MARSH, SWAMP, SUBMERGED-VACANT LAND",RD-5,683.0,SF,,,,,,,,,,,,,UNINCORPORATED COUNTY,617700308393394175,Tier 2: Zero Improvement
12103200680000,121-0320-068-0000,VINTAGE PARK DR,SACRAMENTO,CA,95829.0,38.464797,-121.363387,SOUTHGATE RECREATION & PARK DISTRICT,,SACRAMENTO,CA,95823.0,,,,2024.0,19890209.0,0.0,"MISC, UNUSABLE-SMALL",MSMALA,8009.0,"WASTE LAND, MARSH, SWAMP, SUBMERGED-VACANT LAND",RD-5,3197.0,SF,,,,,,,,,,,,,UNINCORPORATED COUNTY,617700308393394175,Tier 2: Zero Improvement
12107100660000,121-0710-066-0000,VINTAGE PARK DR,SACRAMENTO,CA,95829.0,38.464138,-121.355808,SOUTHGATE RECREATIONAL & PARK DISTRICTS,,SACRAMENTO,CA,95823.0,,,,2024.0,,0.0,"MISC, UNUSABLE-SMALL",MSMALA,8009.0,"WASTE LAND, MARSH, SWAMP, SUBMERGED-VACANT LAND",RD-7,1579.0,SF,,,,,,,,,,,20120925.0,,UNINCORPORATED COUNTY,617700307878019071,Tier 2: Zero Improvement
12109300910000,121-0930-091-0000,WATERMAN RD,SACRAMENTO,CA,95829.0,38.474313,-121.353534,SOUTHGATE RECREATION & PARK DISTRICT,,SACRAMENTO,CA,95823.0,,,,2024.0,20020814.0,0.0,"MISC, UNUSABLE-SMALL",MSMALA,8009.0,"WASTE LAND, MARSH, SWAMP, SUBMERGED-VACANT LAND",RD-7,1454.0,SF,,,,,,,,,,,,,UNINCORPORATED COUNTY,617700307868581887,Tier 2: Zero Improvement
12109300920000,121-0930-092-0000,WATERMAN RD,SACRAMENTO,CA,95829.0,38.473232,-121.35353,SOUTHGATE RECREATION & PARK DISTRICT,,SACRAMENTO,CA,95823.0,,,,2024.0,20020814.0,0.0,"MISC, UNUSABLE-SMALL",MSMALA,8009.0,"WASTE LAND, MARSH, SWAMP, SUBMERGED-VACANT LAND",RD-7,6132.0,SF,,,,,,,,,,,,,UNINCORPORATED COUNTY,617700307868581887,Tier 2: Zero Improvement
12109201140000,121-0920-114-0000,WATERMAN RD,SACRAMENTO,CA,95829.0,38.471803,-121.353518,SOUTHGATE RECREATION & PARK DISTRICT,,SACRAMENTO,CA,95823.0,,,,2024.0,20020814.0,0.0,"MISC, UNUSABLE-SMALL",MSMALA,8009.0,"WASTE LAND, MARSH, SWAMP, SUBMERGED-VACANT LAND",RD-7,8810.0,SF,,,,,,,,,,,,,UNINCORPORATED COUNTY,617700307869630463,Tier 2: Zero Improvement
12107100670000,121-0710-067-0000,WATERMAN RD,SACRAMENTO,CA,95829.0,38.464078,-121.355445,SOUTHGATE RECREATIONAL & PARK DISTRICTS,,SACRAMENTO,CA,95823.0,,,,2024.0,,0.0,"MISC, UNUSABLE-SMALL",MSMALA,8009.0,"WASTE LAND, MARSH, SWAMP, SUBMERGED-VACANT LAND",RD-7,16500.0,SF,,,,,,,,,,,,,UNINCORPORATED COUNTY,617700307878019071,Tier 2: Zero Improvement
12112500480000,121-1250-048-0000,SCRIMSHAW WAY,SACRAMENTO,CA,95829.0,38.462869,-121.344238,SOUTHGATE RECREATION AND PARK DISTRICT,,SACRAMENTO,CA,95823.0,,,,2024.0,,0.0,"MISC, UNUSABLE-SMALL",MSMALA,8009.0,"WASTE LAND, MARSH, SWAMP, SUBMERGED-VACANT LAND",RD-5,0.0,,,,,,,,,,,,20230516.0,,UNINCORPORATED COUNTY,617700307875397631,Tier 2: Zero Improvement
12207300760000,122-0730-076-0000,BRADSHAW RD,SACRAMENTO,CA,95829.0,38.466981,-121.334549,SOUTHGATE RECREATION & PARK DISTRICT,,SACRAMENTO,CA,95823.0,,,,2024.0,20090424.0,0.0,"MISC, UNUSABLE-SMALL",MSMALA,8009.0,"WASTE LAND, MARSH, SWAMP, SUBMERGED-VACANT LAND",RD-5,2898.0,SF,,,,,,,,,,,20090424.0,,UNINCORPORATED COUNTY,617700307871727615,Tier 2: Zero Improvement
12112500490000,121-1250-049-0000,SCRIMSHAW WAY,SACRAMENTO,CA,95829.0,38.463009,-121.342778,SOUTHGATE RECREATION AND PARK DISTRICT,,SACRAMENTO,CA,95823.0,,,,2024.0,,0.0,"MISC, UNUSABLE-SMALL",MSMALA,8009.0,"WASTE LAND, MARSH, SWAMP, SUBMERGED-VACANT LAND",RD-5,0.0,,,,,,,,,,,,20230516.0,,UNINCORPORATED COUNTY,617700307867271167,Tier 2: Zero Improvement
12207300770000,122-0730-077-0000,BRADSHAW RD,SACRAMENTO,CA,95829.0,38.4659,-121.334542,SOUTHGATE RECREATION & PARK DISTRICT,,SACRAMENTO,CA,95823.0,,,,2024.0,20090424.0,0.0,"MISC, UNUSABLE-SMALL",MSMALA,8009.0,"WASTE LAND, MARSH, SWAMP, SUBMERGED-VACANT LAND",RD-5,7974.0,SF,,,,,,,,,,,20090424.0,,UNINCORPORATED COUNTY,617700307871727615,Tier 2: Zero Improvement
12207400700000,122-0740-070-0000,VINTAGE PARK DR,SACRAMENTO,CA,95829.0,38.464793,-121.334541,SOUTHGATE RECREATION & PARK DISTRICT,,SACRAMENTO,CA,95823.0,,,,2024.0,20090424.0,0.0,"MISC, UNUSABLE-SMALL",MSMALA,8009.0,"WASTE LAND, MARSH, SWAMP, SUBMERGED-VACANT LAND",RD-5,14246.0,SF,,,,,,,,,,,20090424.0,,UNINCORPORATED COUNTY,617700307879591935,Tier 2: Zero Improvement
12207400690000,122-0740-069-0000,BRADSHAW RD,SACRAMENTO,CA,95829.0,38.463779,-121.334199,SOUTHGATE RECREATION & PARK DISTRICT,,SACRAMENTO,CA,95823.0,,,,2024.0,20090424.0,0.0,"MISC, UNUSABLE-SMALL",MSMALA,8009.0,"WASTE LAND, MARSH, SWAMP, SUBMERGED-VACANT LAND",RD-4,3302.0,SF,,,,,,,,,,,,,UNINCORPORATED COUNTY,617700307879591935,Tier 2: Zero Improvement
12101200010000,121-0120-001-0000,8207 ELK GROVE FLORIN RD,SACRAMENTO,CA,95829.0,38.459623,-121.370522,SOUTHGATE REC & PARK DISTRICT,,SACRAMENTO,CA,95823.0,,,,2024.0,20101105.0,0.0,RES/SINGLE FAMILY/RURAL HOME(2-5 AC),A1D00A,1008.0,RURAL/AGRICULTURAL RESIDENCE,UR,2.4200001,AC,2246.0,1980.0,2246.0,1,,3.0,,,,,20101105.0,,UNINCORPORATED COUNTY,617700308389986303,Tier 2: Zero Improvement
12101200020000,121-0120-002-0000,8225 ELK GROVE FLORIN RD,SACRAMENTO,CA,95829.0,38.459171,-121.370529,SOUTHGATE RECREATION AND PARK DISTRICT,,SACRAMENTO,CA,95823.0,,,,2024.0,20071227.0,0.0,VACANT RESIDENTIAL (2-5 AC SITE),IAFDAA,8001.0,RESIDENTIAL-VACANT LAND,UR,2.3900001,AC,,,,,,,,,,,20071227.0,,UNINCORPORATED COUNTY,617700308389986303,Tier 1: Coded Vacant
24302830020000,243-0283-002-0000,6550 MING WAY,CITRUS HEIGHTS,CA,95610.0,38.68515,-121.273478,SUNRISE RECREATION AND PARKS DISTRICT,,CITRUS HEIGHTS,CA,95610.0,,,,2024.0,,0.0,RES/FOUR FAMILY/FOURPLEX,A4E00A,1103.0,"QUADRUPLEX (4 UNITS, ANY COMBINATION)",RD20,7167.0,SF,3576.0,1963.0,3576.0,2,,8.0,,,,,20201204.0,200000.0,UNINCORPORATED COUNTY,617700322077048831,Tier 2: Zero Improvement
26103300230000,261-0330-023-0000,MANANA WAY,FAIR OAKS,CA,95628.0,38.671692,-121.248944,FAIR OAKS RECREATION & PARK DISTRICT,,FAIR OAKS,CA,95628.0,,,,2024.0,,0.0,"MISC, UNUSABLE-SMALL",MSMALA,8009.0,"WASTE LAND, MARSH, SWAMP, SUBMERGED-VACANT LAND",RD-2,206.0,SF,,,,,,,,,,,20230404.0,,UNINCORPORATED COUNTY,617700322061320191,Tier 2: Zero Improvement
26106300840000,261-0630-084-0000,ALMOND AVE,FAIR OAKS,CA,95628.0,38.673147,-121.23978,ORANGEVALE REC & PARK DIST,,ORANGEVALE,CA,95662.0,,,,2024.0,20091202.0,0.0,"MISC, UNUSABLE-SMALL",MSMALA,8009.0,"WASTE LAND, MARSH, SWAMP, SUBMERGED-VACANT LAND",RD-4,80.0,SF,,,,,,,,,,,,,UNINCORPORATED COUNTY,617700322064990207,Tier 2: Zero Improvement
25301600780000,253-0160-078-0000,5304 ARBARDEE DR,FAIR OAKS,CA,95628.0,38.662402,-121.230059,FAIR OAKS RECREATION & PARK DISTRICT,,FAIR OAKS,CA,95628.0,,,,2024.0,20080715.0,0.0,MULTI/LOW RISE APARTMENT/1-3 STY,AE000A,1112.0,APARTMENTS (GENERIC),RD-20,19297.0,SF,,,,,,,,,,,20080715.0,,UNINCORPORATED COUNTY,617700278356410367,Tier 2: Zero Improvement
23506600770000,235-0660-077-0000,MADISON AVE,FAIR OAKS,CA,95628.0,38.66378,-121.220737,FAIR OAKS RECREATION & PARK DISTRICT,,FAIR OAKS,CA,95628.0,,,,2024.0,19940921.0,0.0,"MISC, UNUSABLE-SMALL",MSMALA,8009.0,"WASTE LAND, MARSH, SWAMP, SUBMERGED-VACANT LAND",RD-5,2178.0,SF,,,,,,,,,,,,,UNINCORPORATED COUNTY,617700278360604671,Tier 2: Zero Improvement
23506600780000,235-0660-078-0000,MADISON AVE,FAIR OAKS,CA,95628.0,38.66378,-121.218218,FAIR OAKS RECREATION & PARK DISTRICT,,FAIR OAKS,CA,95628.0,,,,2024.0,19940921.0,0.0,"MISC, UNUSABLE-SMALL",MSMALA,8009.0,"WASTE LAND, MARSH, SWAMP, SUBMERGED-VACANT LAND",RD-5 RD-4,29185.0,SF,,,,,,,,,,,19940921.0,,UNINCORPORATED COUNTY,617700278360342527,Tier 2: Zero Improvement
23501800150000,235-0180-015-0000,PHOENIX AVE,FAIR OAKS,CA,95628.0,38.660956,-121.218852,FAIR OAKS RECREATION & PARK DISTRICT,,FAIR OAKS,CA,95628.0,,,,2024.0,19890629.0,0.0,RES/SINGLE FAMILY/SUBDIVISION,A1A00A,1001.0,SINGLE FAMILY RESIDENTIAL,RD-3,41382.0,SF,,,,,,,,,,,19981105.0,,UNINCORPORATED COUNTY,617700278368468991,Tier 2: Zero Improvement
24803400870000,248-0340-087-0000,SUNSET AVE,FAIR OAKS,CA,95628.0,38.653371,-121.220581,FAIR OAKS RECREATION & PARK DISTRICT,,FAIR OAKS,CA,95628.0,,,,2024.0,19930426.0,0.0,"MISC, UNUSABLE-SMALL",MSMALA,8009.0,"WASTE LAND, MARSH, SWAMP, SUBMERGED-VACANT LAND",RD-4 RD-5,7596.0,SF,,,,,,,,,,,,,UNINCORPORATED COUNTY,617700310137962495,Tier 2: Zero Improvement
24803400880000,248-0340-088-0000,SUNSET AVE,FAIR OAKS,CA,95628.0,38.653388,-121.219283,FAIR OAKS RECREATION & PARK DISTRICT,,FAIR OAKS,CA,95628.0,,,,2024.0,19930426.0,0.0,"MISC, UNUSABLE-SMALL",MSMALA,8009.0,"WASTE LAND, MARSH, SWAMP, SUBMERGED-VACANT LAND",RD-4,1959.0,SF,,,,,,,,,,,,,UNINCORPORATED COUNTY,617700310137962495,Tier 2: Zero Improvement
24803500490000,248-0350-049-0000,SUNSET AVE,FAIR OAKS,CA,95628.0,38.653394,-121.218424,FAIR OAKS RECREATION & PARK DISTRICT,,FAIR OAKS,CA,95628.0,9.0,,9.0,2024.0,19990621.0,0.0,"MISC, UNUSABLE-SMALL",MSMALA,8009.0,"WASTE LAND, MARSH, SWAMP, SUBMERGED-VACANT LAND",RD-3,5315.0,SF,,,,,,,,,,,,,UNINCORPORATED COUNTY,617700310137962495,Tier 2: Zero Improvement
24803500560000,248-0350-056-0000,SUNSET AVE,FAIR OAKS,CA,95628.0,38.656044,-121.216508,FAIR OAKS RECREATION & PARK DISTRICT,,,,,2.0,,2.0,2024.0,,0.0,"MISC, UNUSABLE-SMALL",MSMALA,8009.0,"WASTE LAND, MARSH, SWAMP, SUBMERGED-VACANT LAND",RD-3,0.0,,,,,,,,,,,,,,UNINCORPORATED COUNTY,617700278369255423,Tier 2: Zero Improvement
24803500550000,248-0350-055-0000,SUNSET AVE,FAIR OAKS,CA,95628.0,38.653681,-121.21714,FAIR OAKS RECREATION & PARK DISTRICT,,,,,4.0,,4.0,2024.0,,0.0,VACANT RESIDENTIAL UNDER 2 AC,IAEAEA,8001.0,RESIDENTIAL-VACANT LAND,RD-3,0.0,,,,,,,,,,,,,,UNINCORPORATED COUNTY,617700278349070335,Tier 1: Coded Vacant
23504400250000,235-0440-025-0000,WINDING OAK DR,FAIR OAKS,CA,95628.0,38.658223,-121.204498,ORANGEVALE RECREATION & PARK DISTRICT,,ORANGEVALE,CA,95662.0,,,,2024.0,19851127.0,0.0,"MISC, UNUSABLE-SMALL",MSMALA,8009.0,"WASTE LAND, MARSH, SWAMP, SUBMERGED-VACANT LAND",O (PC),6.9200001,AC,,,,,,,,,,,,,UNINCORPORATED COUNTY,617700278341992447,Tier 2: Zero Improvement
24401710200000,244-0171-020-0000,7995 CALIFORNIA AVE,FAIR OAKS,CA,95628.0,38.642218,-121.269068,FAIR OAKS RECREATION & PARK DISTRICT,,FAIR OAKS,CA,95628.0,,,,2024.0,,0.0,STORE/OFFICE COMBINATION,BBB00A,2003.0,STORE/OFFICE (MIXED USE),SPA,3465.0,SF,1465.0,1950.0,1465.0,1,,,,,,,20190820.0,,UNINCORPORATED COUNTY,617700322097758207,Tier 2: Zero Improvement
24402110010000,244-0211-001-0000,4150 TEMESCAL ST,FAIR OAKS,CA,95628.0,38.641546,-121.268015,FAIR OAKS RECREATION & PARK DISTRICT,,FAIR OAKS,CA,95628.0,,,,2024.0,19920914.0,0.0,GENERAL OFFICE,CAA00A,3003.0,OFFICE BLDG (GENERAL),LC (NPA) R,12197.0,SF,,,,,,,,,,,,,UNINCORPORATED COUNTY,617700322097758207,Tier 2: Zero Improvement
5603600080000,056-0360-008-0000,11120 MOOSE RIVER CT,RANCHO CORDOVA,CA,95670.0,38.624878,-121.272568,CORDOVA RECREATION & PARK DISTRICT,,RANCHO CORDOVA,CA,95670.0,,,,2024.0,19810116.0,0.0,VACANT RES (2-5 AC SITE),IAFDFA,8001.0,RESIDENTIAL-VACANT LAND,RD 5,4.79,AC,,,,,,,,,,,,,UNINCORPORATED COUNTY,617700322602909695,Tier 1: Coded Vacant
6700200640000,067-0020-064-0000,10949 BRITTON WAY,MATHER,CA,95655.0,38.545002,-121.279151,CORDOVA RECREATION AND PARK DISTRICT,,RANCHO CORDOVA,CA,95670.0,,,,2024.0,20031201.0,0.0,VACANT RES (2-5 AC SITE),IAFAAA,8001.0,RESIDENTIAL-VACANT LAND,SPA,4.6799998,AC,,,,,,,,,,,20031201.0,,UNINCORPORATED COUNTY,617700310713630719,Tier 1: Coded Vacant
6700200600000,067-0020-060-0000,10949 BRITTON WAY,MATHER,CA,95655.0,38.545145,-121.276788,CORDOVA RECREATION & PARK DISTRICT,,RANCHO CORDOVA,CA,95670.0,,,,2024.0,20010412.0,0.0,VACANT RESIDENTIAL,IAGAAA,8001.0,RESIDENTIAL-VACANT LAND,SPA,6.8099999,AC,,,,,,,,,,,,,UNINCORPORATED COUNTY,617700310710747135,Tier 1: Coded Vacant
6705300350000,067-0530-035-0000,RANCHO CORDOVA PKWY,RANCHO CORDOVA,CA,95742.0,38.54508,-121.224374,CORDOVA PARK AND RECREATION DISTRICT,,RANCHO CORDOVA,CA,95670.0,,,,2024.0,,0.0,"MISC, UNUSABLE-SMALL",MSMALA,8009.0,"WASTE LAND, MARSH, SWAMP, SUBMERGED-VACANT LAND",RD 4 (SDSP,7273.0,SF,,,,,,,0.0,,,,20030626.0,,UNINCORPORATED COUNTY,617700310726737919,Tier 2: Zero Improvement
20310800960000,203-1080-096-0000,DIANE DR,ANTELOPE,CA,95843.0,38.718901,-121.368969,SUNRISE RECREATION & PARK DISTRICT,,CITRUS HEIGHTS,CA,95610.0,,,,2024.0,19900221.0,0.0,"MISC, UNUSABLE-SMALL",MSMALA,8009.0,"WASTE LAND, MARSH, SWAMP, SUBMERGED-VACANT LAND",RD-7,994.0,SF,,,,,,,,,,,,,UNINCORPORATED COUNTY,617700318072012799,Tier 2: Zero Improvement
21900200250000,219-0020-025-0000,ANTELOPE RD,ANTELOPE,CA,95843.0,38.703663,-121.37299,NORTH HIGHLANDS RECREATION & PARK DISTRICT,,NORTH HIGHLANDS,CA,95660.0,,,,2024.0,19770728.0,0.0,PARKING LOT,BFH00A,2036.0,PARKING LOT,O,1.86,AC,,,,,,,,,,,,,UNINCORPORATED COUNTY,617700321929986047,Tier 2: Zero Improvement
21900420280000,219-0042-028-0000,,,,,38.700025,-121.357596,NORTH HIGHLANDS RECREATION & PARK DISTRICT,,NORTH HIGHLANDS,CA,95660.0,,,,2024.0,19840517.0,0.0,VACANT RES-UNDER 100 ACRE,IADBFA,8001.0,RESIDENTIAL-VACANT LAND,RD-5,6.0,AC,,,,,,,,,,,,,UNINCORPORATED COUNTY,617700322186625023,Tier 1: Coded Vacant
24700600350000,247-0060-035-0000,,,,,38.645719,-121.297158,CARMICHAEL RECREATION & PARK DIST,,CARMICHAEL,CA,95608.0,,,,2024.0,19710609.0,0.0,VAC INDUSTRIAL-UNDER 10AC,IGABEA,8003.0,INDUSTRIAL-VACANT LAND,O,40946.0,SF,,,,,,,,,,,,,UNINCORPORATED COUNTY,617700322111651839,Tier 1: Coded Vacant
26000500020000,260-0050-002-0000,8516 FAIR OAKS BLVD,CARMICHAEL,CA,95608.0,38.63512,-121.304207,CARMICHAEL RECREATION & PARK DISTRICT,,CARMICHAEL,CA,95608.0,,,,2024.0,,0.0,RES/SINGLE FAMILY/RURAL HOME(2-5 AC),A1D00A,1008.0,RURAL/AGRICULTURAL RESIDENCE,RD-1,3.0,AC,1920.0,1955.0,1920.0,1,,3.0,,,,,,,UNINCORPORATED COUNTY,617700322616016895,Tier 2: Zero Improvement
26000500010000,260-0050-001-0000,8520 FAIR OAKS BLVD,CARMICHAEL,CA,95608.0,38.635935,-121.304215,CARMICHAEL RECREATION & PARK DIST,,CARMICHAEL,CA,95608.0,,,,2024.0,19770615.0,0.0,RES/SINGLE FAMILY/RURAL HOME(2-5 AC),A1D00A,1008.0,RURAL/AGRICULTURAL RESIDENCE,O,2.6400001,AC,1502.0,1958.0,1502.0,1,,3.0,,,,,,,UNINCORPORATED COUNTY,617700322119516159,Tier 2: Zero Improvement
26004100220000,260-0410-022-0000,FAIR OAKS BLVD,CARMICHAEL,CA,95608.0,38.635104,-121.3055,CARMICHAEL RECREATION & PARK DISTRICT,,CARMICHAEL,CA,95608.0,,,,2024.0,19941027.0,0.0,VACANT RESIDENTIAL UNDER 10 AC,IAAAAA,8001.0,RESIDENTIAL-VACANT LAND,RD-1,2.6300001,AC,,,,,,,,,,,,,UNINCORPORATED COUNTY,617700322616016895,Tier 1: Coded Vacant
26603020180000,266-0302-018-0000,TALLAC ST,SACRAMENTO,CA,95821.0,38.614477,-121.412274,FULTON EL CAMINO REC & PARK DIST,,SACRAMENTO,CA,95825.0,,,,2024.0,19740319.0,0.0,"MISC, UNUSABLE-SMALL",MSMALA,8009.0,"WASTE LAND, MARSH, SWAMP, SUBMERGED-VACANT LAND",RD-4,1742.0,SF,,,,,,,,,,,,,UNINCORPORATED COUNTY,617700322541305855,Tier 2: Zero Improvement
7219700490000,072-1970-049-0000,FROGS LEAP DR,RANCHO CORDOVA,CA,95670.0,38.579395,-121.281175,CORDOVA RECREATION & PARK DISTRICT,,RANCHO CORDOVA,CA,95670.0,,,,2024.0,20011220.0,0.0,"MISC, UNUSABLE-SMALL",MSMALA,8009.0,"WASTE LAND, MARSH, SWAMP, SUBMERGED-VACANT LAND",LD (ZSPA),1456.0,SF,,,,,,,,,,,,,UNINCORPORATED COUNTY,617700310636560383,Tier 2: Zero Improvement
7219600520000,072-1960-052-0000,FROGS LEAP DR,RANCHO CORDOVA,CA,95670.0,38.579267,-121.28101,CORDOVA RECREATION & PARK DISTRICT,,RANCHO CORDOVA,CA,95670.0,,,,2024.0,20011220.0,0.0,"MISC, UNUSABLE-SMALL",MSMALA,8009.0,"WASTE LAND, MARSH, SWAMP, SUBMERGED-VACANT LAND",LD (ZSPA),1023.0,SF,,,,,,,,,,,,,UNINCORPORATED COUNTY,617700310636560383,Tier 2: Zero Improvement
7222200710000,072-2220-071-0000,VERDECA WAY,RANCHO CORDOVA,CA,95670.0,38.576132,-121.288662,CORDOVA REC & PARK DISTRICT,,RANCHO CORDOVA,CA,95670.0,,,,2024.0,20060414.0,0.0,"MISC, UNUSABLE-SMALL",MSMALA,8009.0,"WASTE LAND, MARSH, SWAMP, SUBMERGED-VACANT LAND",O (ZSPA),1723.0,SF,,,,,,,,,,,20060414.0,,UNINCORPORATED COUNTY,617700322643279871,Tier 2: Zero Improvement
7222200720000,072-2220-072-0000,VERDECA WAY,RANCHO CORDOVA,CA,95670.0,38.576144,-121.287901,CORDOVA REC & PARK DISTRICT,,RANCHO CORDOVA,CA,95670.0,,,,2024.0,20060414.0,0.0,"MISC, UNUSABLE-SMALL",MSMALA,8009.0,"WASTE LAND, MARSH, SWAMP, SUBMERGED-VACANT LAND",O (ZSPA),3056.0,SF,,,,,,,,,,,20060414.0,,UNINCORPORATED COUNTY,617700322643279871,Tier 2: Zero Improvement
7222200730000,072-2220-073-0000,AUVERNAT DR,RANCHO CORDOVA,CA,95670.0,38.576195,-121.287283,CORDOVA REC & PARK DISTRICT,,RANCHO CORDOVA,CA,95670.0,,,,2024.0,20060414.0,0.0,"MISC, UNUSABLE-SMALL",MSMALA,8009.0,"WASTE LAND, MARSH, SWAMP, SUBMERGED-VACANT LAND",O (ZSPA),4529.0,SF,,,,,,,,,,,20060414.0,,UNINCORPORATED COUNTY,617700322643279871,Tier 2: Zero Improvement
7223600030000,072-2360-003-0000,ZINFANDER DR,RANCHO CORDOVA,CA,95670.0,38.576835,-121.278484,CORDOVA RECREATION AND PARKS DISTRICT,,RANCHO CORDOVA,CA,95670.0,,,,2024.0,20060414.0,0.0,"MISC, UNUSABLE-SMALL",MSMALA,8009.0,"WASTE LAND, MARSH, SWAMP, SUBMERGED-VACANT LAND",O (ZSPA),146.0,SF,,,,,,,,,,,20060414.0,,UNINCORPORATED COUNTY,617700310638133247,Tier 2: Zero Improvement
7225901040000,072-2590-104-0000,NOUVEAU WAY,RANCHO CORDOVA,CA,95670.0,38.57605,-121.28195,CORDOVA RECREATION & PARK DISTRICT,,RANCHO CORDOVA,CA,95670.0,,,,2024.0,,0.0,"MISC, UNUSABLE-SMALL",MSMALA,8009.0,"WASTE LAND, MARSH, SWAMP, SUBMERGED-VACANT LAND",LDC (ZSPA),1750.0,SF,,,,,,,,,,,20140317.0,,UNINCORPORATED COUNTY,617700310637871103,Tier 2: Zero Improvement
7223500450000,072-2350-045-0000,FIORE DR,RANCHO CORDOVA,CA,95670.0,38.581612,-121.274637,CORDOVA RECREATION AND PARKS DISTRICT,,RANCHO CORDOVA,CA,95670.0,127.0,,127.0,2024.0,20060414.0,0.0,"MISC, UNUSABLE-SMALL",MSMALA,8009.0,"WASTE LAND, MARSH, SWAMP, SUBMERGED-VACANT LAND",O (ZSPA),2037.0,SF,,,,,,,,,,,20060414.0,,UNINCORPORATED COUNTY,617700310641016831,Tier 2: Zero Improvement
7220800280000,072-2080-028-0000,BAROQUE DR,RANCHO CORDOVA,CA,95670.0,38.580663,-121.273603,CORDOVA RECREATION & PARK DISTRICT,,RANCHO CORDOVA,CA,95670.0,,,,2024.0,20011220.0,0.0,"MISC, UNUSABLE-SMALL",MSMALA,8009.0,"WASTE LAND, MARSH, SWAMP, SUBMERGED-VACANT LAND",LD (ZSPA),3319.0,SF,,,,,,,,,,,,,UNINCORPORATED COUNTY,617700310641016831,Tier 2: Zero Improvement
7220800460000,072-2080-046-0000,FABER WAY,RANCHO CORDOVA,CA,95670.0,38.580875,-121.272811,CORDOVA REC & PARK DISTRICT,,RANCHO CORDOVA,CA,95670.0,,,,2024.0,20060414.0,0.0,"MISC, UNUSABLE-SMALL",MSMALA,8009.0,"WASTE LAND, MARSH, SWAMP, SUBMERGED-VACANT LAND",O (ZSPA),4777.0,SF,,,,,,,,,,,20060414.0,,UNINCORPORATED COUNTY,617700310641016831,Tier 2: Zero Improvement
7219600490000,072-1960-049-0000,CORVINA DR,RANCHO CORDOVA,CA,95670.0,38.57898,-121.277468,CORDOVA RECREATION & PARK DISTRICT,,RANCHO CORDOVA,CA,95670.0,,,,2024.0,20011220.0,0.0,"MISC, UNUSABLE-SMALL",MSMALA,8009.0,"WASTE LAND, MARSH, SWAMP, SUBMERGED-VACANT LAND",O (ZSPA),1458.0,SF,,,,,,,,,,,,,UNINCORPORATED COUNTY,617700310637084671,Tier 2: Zero Improvement
7220700660000,072-2070-066-0000,CORVINA DR,RANCHO CORDOVA,CA,95670.0,38.578455,-121.277192,CORDOVA RECREATION & PARK DISTRICT,,RANCHO CORDOVA,CA,95670.0,,,,2024.0,20011220.0,0.0,"MISC, UNUSABLE-SMALL",MSMALA,8009.0,"WASTE LAND, MARSH, SWAMP, SUBMERGED-VACANT LAND",O (ZSPA),1628.0,SF,,,,,,,,,,,,,UNINCORPORATED COUNTY,617700310637084671,Tier 2: Zero Improvement
7220700710000,072-2070-071-0000,FABER WAY,RANCHO CORDOVA,CA,95670.0,38.578561,-121.277054,CORDOVA RECREATION & PARK DISTRICT,,RANCHO CORDOVA,CA,95670.0,,,,2024.0,20020808.0,0.0,"MISC, UNUSABLE-SMALL",MSMALA,8009.0,"WASTE LAND, MARSH, SWAMP, SUBMERGED-VACANT LAND",O (ZSPA),1465.0,SF,,,,,,,,,,,,,UNINCORPORATED COUNTY,617700310637084671,Tier 2: Zero Improvement
7220800290000,072-2080-029-0000,FABER WAY,RANCHO CORDOVA,CA,95670.0,38.580368,-121.273925,CORDOVA RECREATION & PARK DISTRICT,,RANCHO CORDOVA,CA,95670.0,,,,2024.0,20020808.0,0.0,"MISC, UNUSABLE-SMALL",MSMALA,8009.0,"WASTE LAND, MARSH, SWAMP, SUBMERGED-VACANT LAND",LD (ZSPA),1347.0,SF,,,,,,,,,,,,,UNINCORPORATED COUNTY,617700310641016831,Tier 2: Zero Improvement
7223500480000,072-2350-048-0000,FIORE DR,RANCHO CORDOVA,CA,95670.0,38.582391,-121.270503,CORDOVA RECREATION AND PARKS DISTRICT,,RANCHO CORDOVA,CA,95670.0,127.0,,127.0,2024.0,20060414.0,0.0,"MISC, UNUSABLE-SMALL",MSMALA,8009.0,"WASTE LAND, MARSH, SWAMP, SUBMERGED-VACANT LAND",O (ZSPA),2180.0,SF,,,,,,,,,,,20060414.0,,UNINCORPORATED COUNTY,617700310641541119,Tier 2: Zero Improvement
7220700650000,072-2070-065-0000,CORVINA DR,RANCHO CORDOVA,CA,95670.0,38.57801,-121.276716,CORDOVA RECREATION & PARK DISTRICT,,RANCHO CORDOVA,CA,95670.0,,,,2024.0,20011220.0,0.0,"MISC, UNUSABLE-SMALL",MSMALA,8009.0,"WASTE LAND, MARSH, SWAMP, SUBMERGED-VACANT LAND",LD (ZSPA),3123.0,SF,,,,,,,,,,,,,UNINCORPORATED COUNTY,617700310638133247,Tier 2: Zero Improvement
7220700640000,072-2070-064-0000,CORVINA DR,RANCHO CORDOVA,CA,95670.0,38.577493,-121.276358,CORDOVA RECREATION & PARK DISTRICT,,RANCHO CORDOVA,CA,95670.0,,,,2024.0,20011220.0,0.0,"MISC, UNUSABLE-SMALL",MSMALA,8009.0,"WASTE LAND, MARSH, SWAMP, SUBMERGED-VACANT LAND",LD (ZSPA),2655.0,SF,,,,,,,,,,,,,UNINCORPORATED COUNTY,617700310638133247,Tier 2: Zero Improvement
7223700740000,072-2370-074-0000,AIRPARK DR,RANCHO CORDOVA,CA,95670.0,38.572696,-121.288562,CORDOVA RECREATION AND PARK DISTRICT,,RANCHO CORDOVA,CA,95670.0,127.0,,127.0,2024.0,20060414.0,0.0,"MISC, UNUSABLE-SMALL",MSMALA,8009.0,"WASTE LAND, MARSH, SWAMP, SUBMERGED-VACANT LAND",O (ZSPA),20906.0,SF,,,,,,,,,,,20060414.0,,UNINCORPORATED COUNTY,617700322643804159,Tier 2: Zero Improvement
7223700770000,072-2370-077-0000,VERDECA WAY,RANCHO CORDOVA,CA,95670.0,38.572382,-121.287943,CORDOVA RECREATION AND PARK DISTRICT,,RANCHO CORDOVA,CA,95670.0,127.0,,127.0,2024.0,20060414.0,0.0,"MISC, UNUSABLE-SMALL",MSMALA,8009.0,"WASTE LAND, MARSH, SWAMP, SUBMERGED-VACANT LAND",LD (ZSPA),3366.0,SF,,,,,,,,,,,20060414.0,,UNINCORPORATED COUNTY,617700310645211135,Tier 2: Zero Improvement
7223700760000,072-2370-076-0000,AIRPARK DR,RANCHO CORDOVA,CA,95670.0,38.572858,-121.285968,CORDOVA RECREATION AND PARK DISTRICT,,RANCHO CORDOVA,CA,95670.0,127.0,,127.0,2024.0,20060414.0,0.0,"MISC, UNUSABLE-SMALL",MSMALA,8009.0,"WASTE LAND, MARSH, SWAMP, SUBMERGED-VACANT LAND",O (ZSPA),18196.0,SF,,,,,,,,,,,20060414.0,,UNINCORPORATED COUNTY,617700322644328447,Tier 2: Zero Improvement
7223700750000,072-2370-075-0000,AIRPARK DR,RANCHO CORDOVA,CA,95670.0,38.572037,-121.286364,CORDOVA RECREATION AND PARK DISTRICT,,RANCHO CORDOVA,CA,95670.0,127.0,,127.0,2024.0,20060414.0,0.0,"MISC, UNUSABLE-SMALL",MSMALA,8009.0,"WASTE LAND, MARSH, SWAMP, SUBMERGED-VACANT LAND",O (ZSPA),14014.0,SF,,,,,,,,,,,20060414.0,,UNINCORPORATED COUNTY,617700310645211135,Tier 2: Zero Improvement
7223600350000,072-2360-035-0000,BEAR HOLLOW DR,RANCHO CORDOVA,CA,95670.0,38.57093,-121.288432,CORDOVA RECREATION & PARK DISTRICT,,RANCHO CORDOVA,CA,95670.0,,,,2024.0,,0.0,VAC INDUSTRIAL-UNDER 10AC,IGADFA,8003.0,INDUSTRIAL-VACANT LAND,BP (ZSPA),4.8699999,AC,,,,,,,,,,,20200714.0,,UNINCORPORATED COUNTY,617700310645211135,Tier 1: Coded Vacant
6700300020000,067-0030-002-0000,11551 DOUGLAS RD,RANCHO CORDOVA,CA,95742.0,38.562412,-121.248372,CORDOVA RECREATION & PARK DIST,,RANCHO CORDOVA,CA,95670.0,,,,2024.0,19771027.0,0.0,VAC INDUSTRIAL 50-100 AC,IGCBAB,8003.0,INDUSTRIAL-VACANT LAND,POS (H),73.269997,AC,,,,,,,,,,,,,UNINCORPORATED COUNTY,617700310617686015,Tier 1: Coded Vacant
